<annotation>
	<folder></folder>
	<filename>maksssksksss212_png.rf.5494fb1f7826825ecc91ab9a36093828.jpg</filename>
	<path>maksssksksss212_png.rf.5494fb1f7826825ecc91ab9a36093828.jpg</path>
	<source>
		<database>roboflow.ai</database>
	</source>
	<size>
		<width>416</width>
		<height>416</height>
		<depth>3</depth>
	</size>
	<segmented>0</segmented>
	<object>
		<name>with_mask</name>
		<pose>Unspecified</pose>
		<truncated>0</truncated>
		<difficult>0</difficult>
		<occluded>0</occluded>
		<bndbox>
			<xmin>179</xmin>
			<xmax>263</xmax>
			<ymin>78</ymin>
			<ymax>140</ymax>
		</bndbox>
	</object>
</annotation>
