<annotation>
	<folder></folder>
	<filename>maksssksksss161_png.rf.17356fad6daa7a52b9f26e3fc4536914.jpg</filename>
	<path>maksssksksss161_png.rf.17356fad6daa7a52b9f26e3fc4536914.jpg</path>
	<source>
		<database>roboflow.ai</database>
	</source>
	<size>
		<width>416</width>
		<height>416</height>
		<depth>3</depth>
	</size>
	<segmented>0</segmented>
	<object>
		<name>without_mask</name>
		<pose>Unspecified</pose>
		<truncated>0</truncated>
		<difficult>0</difficult>
		<occluded>0</occluded>
		<bndbox>
			<xmin>170</xmin>
			<xmax>262</xmax>
			<ymin>236</ymin>
			<ymax>341</ymax>
		</bndbox>
	</object>
</annotation>
