<annotation>
	<folder></folder>
	<filename>maksssksksss520_png.rf.dcbd5a26eb6e7f100b854b24ec4aaf27.jpg</filename>
	<path>maksssksksss520_png.rf.dcbd5a26eb6e7f100b854b24ec4aaf27.jpg</path>
	<source>
		<database>roboflow.ai</database>
	</source>
	<size>
		<width>416</width>
		<height>416</height>
		<depth>3</depth>
	</size>
	<segmented>0</segmented>
	<object>
		<name>with_mask</name>
		<pose>Unspecified</pose>
		<truncated>0</truncated>
		<difficult>0</difficult>
		<occluded>0</occluded>
		<bndbox>
			<xmin>58</xmin>
			<xmax>213</xmax>
			<ymin>180</ymin>
			<ymax>316</ymax>
		</bndbox>
	</object>
</annotation>
