<annotation>
	<folder></folder>
	<filename>maksssksksss608_png.rf.4a2aa7e9061883ddaee1f284ff1c1fc5.jpg</filename>
	<path>maksssksksss608_png.rf.4a2aa7e9061883ddaee1f284ff1c1fc5.jpg</path>
	<source>
		<database>roboflow.ai</database>
	</source>
	<size>
		<width>416</width>
		<height>416</height>
		<depth>3</depth>
	</size>
	<segmented>0</segmented>
	<object>
		<name>with_mask</name>
		<pose>Unspecified</pose>
		<truncated>0</truncated>
		<difficult>0</difficult>
		<occluded>0</occluded>
		<bndbox>
			<xmin>150</xmin>
			<xmax>301</xmax>
			<ymin>144</ymin>
			<ymax>282</ymax>
		</bndbox>
	</object>
</annotation>
