<annotation>
	<folder></folder>
	<filename>maksssksksss561_png.rf.a79066c988d1446ef3ab2d6103fd627e.jpg</filename>
	<path>maksssksksss561_png.rf.a79066c988d1446ef3ab2d6103fd627e.jpg</path>
	<source>
		<database>roboflow.ai</database>
	</source>
	<size>
		<width>416</width>
		<height>416</height>
		<depth>3</depth>
	</size>
	<segmented>0</segmented>
	<object>
		<name>without_mask</name>
		<pose>Unspecified</pose>
		<truncated>0</truncated>
		<difficult>0</difficult>
		<occluded>0</occluded>
		<bndbox>
			<xmin>111</xmin>
			<xmax>254</xmax>
			<ymin>170</ymin>
			<ymax>290</ymax>
		</bndbox>
	</object>
</annotation>
