<annotation>
	<folder></folder>
	<filename>maksssksksss568_png.rf.4496662928aa8cb45d8086291154fb5d.jpg</filename>
	<path>maksssksksss568_png.rf.4496662928aa8cb45d8086291154fb5d.jpg</path>
	<source>
		<database>roboflow.ai</database>
	</source>
	<size>
		<width>416</width>
		<height>416</height>
		<depth>3</depth>
	</size>
	<segmented>0</segmented>
	<object>
		<name>with_mask</name>
		<pose>Unspecified</pose>
		<truncated>0</truncated>
		<difficult>0</difficult>
		<occluded>0</occluded>
		<bndbox>
			<xmin>139</xmin>
			<xmax>268</xmax>
			<ymin>203</ymin>
			<ymax>320</ymax>
		</bndbox>
	</object>
</annotation>
