<annotation>
	<folder></folder>
	<filename>maksssksksss593_png.rf.84f90a53219279401084ad1e3ee44738.jpg</filename>
	<path>maksssksksss593_png.rf.84f90a53219279401084ad1e3ee44738.jpg</path>
	<source>
		<database>roboflow.ai</database>
	</source>
	<size>
		<width>416</width>
		<height>416</height>
		<depth>3</depth>
	</size>
	<segmented>0</segmented>
	<object>
		<name>with_mask</name>
		<pose>Unspecified</pose>
		<truncated>0</truncated>
		<difficult>0</difficult>
		<occluded>0</occluded>
		<bndbox>
			<xmin>78</xmin>
			<xmax>131</xmax>
			<ymin>196</ymin>
			<ymax>340</ymax>
		</bndbox>
	</object>
	<object>
		<name>with_mask</name>
		<pose>Unspecified</pose>
		<truncated>0</truncated>
		<difficult>0</difficult>
		<occluded>0</occluded>
		<bndbox>
			<xmin>127</xmin>
			<xmax>190</xmax>
			<ymin>143</ymin>
			<ymax>259</ymax>
		</bndbox>
	</object>
	<object>
		<name>with_mask</name>
		<pose>Unspecified</pose>
		<truncated>0</truncated>
		<difficult>0</difficult>
		<occluded>0</occluded>
		<bndbox>
			<xmin>204</xmin>
			<xmax>244</xmax>
			<ymin>180</ymin>
			<ymax>272</ymax>
		</bndbox>
	</object>
</annotation>
