<annotation>
	<folder></folder>
	<filename>maksssksksss513_png.rf.b10ad84f9cae0baa7c8a2bb6c53bc2a4.jpg</filename>
	<path>maksssksksss513_png.rf.b10ad84f9cae0baa7c8a2bb6c53bc2a4.jpg</path>
	<source>
		<database>roboflow.ai</database>
	</source>
	<size>
		<width>416</width>
		<height>416</height>
		<depth>3</depth>
	</size>
	<segmented>0</segmented>
	<object>
		<name>with_mask</name>
		<pose>Unspecified</pose>
		<truncated>0</truncated>
		<difficult>0</difficult>
		<occluded>0</occluded>
		<bndbox>
			<xmin>116</xmin>
			<xmax>165</xmax>
			<ymin>47</ymin>
			<ymax>86</ymax>
		</bndbox>
	</object>
	<object>
		<name>with_mask</name>
		<pose>Unspecified</pose>
		<truncated>0</truncated>
		<difficult>0</difficult>
		<occluded>0</occluded>
		<bndbox>
			<xmin>174</xmin>
			<xmax>218</xmax>
			<ymin>41</ymin>
			<ymax>71</ymax>
		</bndbox>
	</object>
	<object>
		<name>with_mask</name>
		<pose>Unspecified</pose>
		<truncated>0</truncated>
		<difficult>0</difficult>
		<occluded>0</occluded>
		<bndbox>
			<xmin>286</xmin>
			<xmax>331</xmax>
			<ymin>51</ymin>
			<ymax>83</ymax>
		</bndbox>
	</object>
</annotation>
