<annotation>
	<folder></folder>
	<filename>maksssksksss205_png.rf.967aaa86fea7046d2a5f41bc18df84d5.jpg</filename>
	<path>maksssksksss205_png.rf.967aaa86fea7046d2a5f41bc18df84d5.jpg</path>
	<source>
		<database>roboflow.ai</database>
	</source>
	<size>
		<width>416</width>
		<height>416</height>
		<depth>3</depth>
	</size>
	<segmented>0</segmented>
	<object>
		<name>with_mask</name>
		<pose>Unspecified</pose>
		<truncated>0</truncated>
		<difficult>0</difficult>
		<occluded>0</occluded>
		<bndbox>
			<xmin>119</xmin>
			<xmax>215</xmax>
			<ymin>254</ymin>
			<ymax>360</ymax>
		</bndbox>
	</object>
</annotation>
