<annotation>
	<folder></folder>
	<filename>maksssksksss434_png.rf.9918faa5972b0f2ff987b345fc268ebf.jpg</filename>
	<path>maksssksksss434_png.rf.9918faa5972b0f2ff987b345fc268ebf.jpg</path>
	<source>
		<database>roboflow.ai</database>
	</source>
	<size>
		<width>416</width>
		<height>416</height>
		<depth>3</depth>
	</size>
	<segmented>0</segmented>
	<object>
		<name>with_mask</name>
		<pose>Unspecified</pose>
		<truncated>0</truncated>
		<difficult>0</difficult>
		<occluded>0</occluded>
		<bndbox>
			<xmin>143</xmin>
			<xmax>338</xmax>
			<ymin>161</ymin>
			<ymax>353</ymax>
		</bndbox>
	</object>
</annotation>
