<annotation>
	<folder></folder>
	<filename>maksssksksss432_png.rf.89c7c373b346428cb7db95806aea9845.jpg</filename>
	<path>maksssksksss432_png.rf.89c7c373b346428cb7db95806aea9845.jpg</path>
	<source>
		<database>roboflow.ai</database>
	</source>
	<size>
		<width>416</width>
		<height>416</height>
		<depth>3</depth>
	</size>
	<segmented>0</segmented>
	<object>
		<name>with_mask</name>
		<pose>Unspecified</pose>
		<truncated>0</truncated>
		<difficult>0</difficult>
		<occluded>0</occluded>
		<bndbox>
			<xmin>188</xmin>
			<xmax>257</xmax>
			<ymin>128</ymin>
			<ymax>253</ymax>
		</bndbox>
	</object>
</annotation>
