<annotation>
	<folder></folder>
	<filename>maksssksksss217_png.rf.ee975a32e0dc0e1c1ebba16c4bfc1d41.jpg</filename>
	<path>maksssksksss217_png.rf.ee975a32e0dc0e1c1ebba16c4bfc1d41.jpg</path>
	<source>
		<database>roboflow.ai</database>
	</source>
	<size>
		<width>416</width>
		<height>416</height>
		<depth>3</depth>
	</size>
	<segmented>0</segmented>
	<object>
		<name>without_mask</name>
		<pose>Unspecified</pose>
		<truncated>0</truncated>
		<difficult>0</difficult>
		<occluded>0</occluded>
		<bndbox>
			<xmin>158</xmin>
			<xmax>301</xmax>
			<ymin>210</ymin>
			<ymax>355</ymax>
		</bndbox>
	</object>
</annotation>
