<annotation>
	<folder></folder>
	<filename>maksssksksss422_png.rf.7a24e021a30438a6f534a8541dc6c565.jpg</filename>
	<path>maksssksksss422_png.rf.7a24e021a30438a6f534a8541dc6c565.jpg</path>
	<source>
		<database>roboflow.ai</database>
	</source>
	<size>
		<width>416</width>
		<height>416</height>
		<depth>3</depth>
	</size>
	<segmented>0</segmented>
	<object>
		<name>with_mask</name>
		<pose>Unspecified</pose>
		<truncated>0</truncated>
		<difficult>0</difficult>
		<occluded>0</occluded>
		<bndbox>
			<xmin>47</xmin>
			<xmax>119</xmax>
			<ymin>49</ymin>
			<ymax>135</ymax>
		</bndbox>
	</object>
	<object>
		<name>with_mask</name>
		<pose>Unspecified</pose>
		<truncated>0</truncated>
		<difficult>0</difficult>
		<occluded>0</occluded>
		<bndbox>
			<xmin>233</xmin>
			<xmax>364</xmax>
			<ymin>257</ymin>
			<ymax>387</ymax>
		</bndbox>
	</object>
</annotation>
