<annotation>
	<folder></folder>
	<filename>maksssksksss268_png.rf.79509593982d02cd39acd72da77d9ca6.jpg</filename>
	<path>maksssksksss268_png.rf.79509593982d02cd39acd72da77d9ca6.jpg</path>
	<source>
		<database>roboflow.ai</database>
	</source>
	<size>
		<width>416</width>
		<height>416</height>
		<depth>3</depth>
	</size>
	<segmented>0</segmented>
	<object>
		<name>with_mask</name>
		<pose>Unspecified</pose>
		<truncated>0</truncated>
		<difficult>0</difficult>
		<occluded>0</occluded>
		<bndbox>
			<xmin>134</xmin>
			<xmax>273</xmax>
			<ymin>79</ymin>
			<ymax>142</ymax>
		</bndbox>
	</object>
	<object>
		<name>without_mask</name>
		<pose>Unspecified</pose>
		<truncated>0</truncated>
		<difficult>0</difficult>
		<occluded>0</occluded>
		<bndbox>
			<xmin>345</xmin>
			<xmax>415</xmax>
			<ymin>62</ymin>
			<ymax>122</ymax>
		</bndbox>
	</object>
	<object>
		<name>without_mask</name>
		<pose>Unspecified</pose>
		<truncated>0</truncated>
		<difficult>0</difficult>
		<occluded>0</occluded>
		<bndbox>
			<xmin>88</xmin>
			<xmax>141</xmax>
			<ymin>99</ymin>
			<ymax>127</ymax>
		</bndbox>
	</object>
	<object>
		<name>with_mask</name>
		<pose>Unspecified</pose>
		<truncated>0</truncated>
		<difficult>0</difficult>
		<occluded>0</occluded>
		<bndbox>
			<xmin>18</xmin>
			<xmax>60</xmax>
			<ymin>74</ymin>
			<ymax>96</ymax>
		</bndbox>
	</object>
</annotation>
