<annotation>
	<folder></folder>
	<filename>maksssksksss47_png.rf.a88d6d83f28f2ac83a38a3ae865582e4.jpg</filename>
	<path>maksssksksss47_png.rf.a88d6d83f28f2ac83a38a3ae865582e4.jpg</path>
	<source>
		<database>roboflow.ai</database>
	</source>
	<size>
		<width>416</width>
		<height>416</height>
		<depth>3</depth>
	</size>
	<segmented>0</segmented>
	<object>
		<name>with_mask</name>
		<pose>Unspecified</pose>
		<truncated>0</truncated>
		<difficult>0</difficult>
		<occluded>0</occluded>
		<bndbox>
			<xmin>158</xmin>
			<xmax>296</xmax>
			<ymin>99</ymin>
			<ymax>321</ymax>
		</bndbox>
	</object>
</annotation>
