<annotation>
	<folder></folder>
	<filename>maksssksksss154_png.rf.256233d936360be6cc2d0439205c1be2.jpg</filename>
	<path>maksssksksss154_png.rf.256233d936360be6cc2d0439205c1be2.jpg</path>
	<source>
		<database>roboflow.ai</database>
	</source>
	<size>
		<width>416</width>
		<height>416</height>
		<depth>3</depth>
	</size>
	<segmented>0</segmented>
	<object>
		<name>without_mask</name>
		<pose>Unspecified</pose>
		<truncated>0</truncated>
		<difficult>0</difficult>
		<occluded>0</occluded>
		<bndbox>
			<xmin>124</xmin>
			<xmax>254</xmax>
			<ymin>208</ymin>
			<ymax>346</ymax>
		</bndbox>
	</object>
</annotation>
