<annotation>
	<folder></folder>
	<filename>maksssksksss365_png.rf.9b3a467d14cdc58dc18f7048c0c7bafd.jpg</filename>
	<path>maksssksksss365_png.rf.9b3a467d14cdc58dc18f7048c0c7bafd.jpg</path>
	<source>
		<database>roboflow.ai</database>
	</source>
	<size>
		<width>416</width>
		<height>416</height>
		<depth>3</depth>
	</size>
	<segmented>0</segmented>
	<object>
		<name>with_mask</name>
		<pose>Unspecified</pose>
		<truncated>0</truncated>
		<difficult>0</difficult>
		<occluded>0</occluded>
		<bndbox>
			<xmin>134</xmin>
			<xmax>178</xmax>
			<ymin>204</ymin>
			<ymax>289</ymax>
		</bndbox>
	</object>
	<object>
		<name>with_mask</name>
		<pose>Unspecified</pose>
		<truncated>0</truncated>
		<difficult>0</difficult>
		<occluded>0</occluded>
		<bndbox>
			<xmin>216</xmin>
			<xmax>253</xmax>
			<ymin>212</ymin>
			<ymax>268</ymax>
		</bndbox>
	</object>
	<object>
		<name>without_mask</name>
		<pose>Unspecified</pose>
		<truncated>0</truncated>
		<difficult>0</difficult>
		<occluded>0</occluded>
		<bndbox>
			<xmin>277</xmin>
			<xmax>292</xmax>
			<ymin>216</ymin>
			<ymax>261</ymax>
		</bndbox>
	</object>
</annotation>
