<annotation>
	<folder></folder>
	<filename>maksssksksss330_png.rf.d3bd9b35620acdca5855e9b8d3f20481.jpg</filename>
	<path>maksssksksss330_png.rf.d3bd9b35620acdca5855e9b8d3f20481.jpg</path>
	<source>
		<database>roboflow.ai</database>
	</source>
	<size>
		<width>416</width>
		<height>416</height>
		<depth>3</depth>
	</size>
	<segmented>0</segmented>
	<object>
		<name>with_mask</name>
		<pose>Unspecified</pose>
		<truncated>0</truncated>
		<difficult>0</difficult>
		<occluded>0</occluded>
		<bndbox>
			<xmin>25</xmin>
			<xmax>58</xmax>
			<ymin>109</ymin>
			<ymax>148</ymax>
		</bndbox>
	</object>
	<object>
		<name>with_mask</name>
		<pose>Unspecified</pose>
		<truncated>0</truncated>
		<difficult>0</difficult>
		<occluded>0</occluded>
		<bndbox>
			<xmin>96</xmin>
			<xmax>130</xmax>
			<ymin>61</ymin>
			<ymax>109</ymax>
		</bndbox>
	</object>
	<object>
		<name>with_mask</name>
		<pose>Unspecified</pose>
		<truncated>0</truncated>
		<difficult>0</difficult>
		<occluded>0</occluded>
		<bndbox>
			<xmin>173</xmin>
			<xmax>211</xmax>
			<ymin>90</ymin>
			<ymax>138</ymax>
		</bndbox>
	</object>
	<object>
		<name>with_mask</name>
		<pose>Unspecified</pose>
		<truncated>0</truncated>
		<difficult>0</difficult>
		<occluded>0</occluded>
		<bndbox>
			<xmin>295</xmin>
			<xmax>357</xmax>
			<ymin>54</ymin>
			<ymax>136</ymax>
		</bndbox>
	</object>
</annotation>
