<annotation>
	<folder></folder>
	<filename>maksssksksss347_png.rf.8f05b4333ebaae3523e8a2ac15dac26d.jpg</filename>
	<path>maksssksksss347_png.rf.8f05b4333ebaae3523e8a2ac15dac26d.jpg</path>
	<source>
		<database>roboflow.ai</database>
	</source>
	<size>
		<width>416</width>
		<height>416</height>
		<depth>3</depth>
	</size>
	<segmented>0</segmented>
	<object>
		<name>without_mask</name>
		<pose>Unspecified</pose>
		<truncated>0</truncated>
		<difficult>0</difficult>
		<occluded>0</occluded>
		<bndbox>
			<xmin>12</xmin>
			<xmax>88</xmax>
			<ymin>153</ymin>
			<ymax>206</ymax>
		</bndbox>
	</object>
	<object>
		<name>with_mask</name>
		<pose>Unspecified</pose>
		<truncated>0</truncated>
		<difficult>0</difficult>
		<occluded>0</occluded>
		<bndbox>
			<xmin>158</xmin>
			<xmax>272</xmax>
			<ymin>94</ymin>
			<ymax>162</ymax>
		</bndbox>
	</object>
	<object>
		<name>without_mask</name>
		<pose>Unspecified</pose>
		<truncated>0</truncated>
		<difficult>0</difficult>
		<occluded>0</occluded>
		<bndbox>
			<xmin>328</xmin>
			<xmax>416</xmax>
			<ymin>133</ymin>
			<ymax>242</ymax>
		</bndbox>
	</object>
</annotation>
