<annotation>
	<folder></folder>
	<filename>maksssksksss565_png.rf.3c00a62ecbe4940aec6c7ec52484fc8a.jpg</filename>
	<path>maksssksksss565_png.rf.3c00a62ecbe4940aec6c7ec52484fc8a.jpg</path>
	<source>
		<database>roboflow.ai</database>
	</source>
	<size>
		<width>416</width>
		<height>416</height>
		<depth>3</depth>
	</size>
	<segmented>0</segmented>
	<object>
		<name>without_mask</name>
		<pose>Unspecified</pose>
		<truncated>0</truncated>
		<difficult>0</difficult>
		<occluded>0</occluded>
		<bndbox>
			<xmin>185</xmin>
			<xmax>316</xmax>
			<ymin>199</ymin>
			<ymax>329</ymax>
		</bndbox>
	</object>
</annotation>
