<annotation>
	<folder></folder>
	<filename>maksssksksss523_png.rf.40bc54656e313073879dc129febeb278.jpg</filename>
	<path>maksssksksss523_png.rf.40bc54656e313073879dc129febeb278.jpg</path>
	<source>
		<database>roboflow.ai</database>
	</source>
	<size>
		<width>416</width>
		<height>416</height>
		<depth>3</depth>
	</size>
	<segmented>0</segmented>
	<object>
		<name>without_mask</name>
		<pose>Unspecified</pose>
		<truncated>0</truncated>
		<difficult>0</difficult>
		<occluded>0</occluded>
		<bndbox>
			<xmin>84</xmin>
			<xmax>174</xmax>
			<ymin>143</ymin>
			<ymax>295</ymax>
		</bndbox>
	</object>
	<object>
		<name>with_mask</name>
		<pose>Unspecified</pose>
		<truncated>0</truncated>
		<difficult>0</difficult>
		<occluded>0</occluded>
		<bndbox>
			<xmin>200</xmin>
			<xmax>279</xmax>
			<ymin>149</ymin>
			<ymax>266</ymax>
		</bndbox>
	</object>
</annotation>
