<annotation>
	<folder></folder>
	<filename>maksssksksss494_png.rf.ddb0637aa9505ce6888b1f6676bb6700.jpg</filename>
	<path>maksssksksss494_png.rf.ddb0637aa9505ce6888b1f6676bb6700.jpg</path>
	<source>
		<database>roboflow.ai</database>
	</source>
	<size>
		<width>416</width>
		<height>416</height>
		<depth>3</depth>
	</size>
	<segmented>0</segmented>
	<object>
		<name>with_mask</name>
		<pose>Unspecified</pose>
		<truncated>0</truncated>
		<difficult>0</difficult>
		<occluded>0</occluded>
		<bndbox>
			<xmin>142</xmin>
			<xmax>254</xmax>
			<ymin>83</ymin>
			<ymax>164</ymax>
		</bndbox>
	</object>
</annotation>
