<annotation>
	<folder></folder>
	<filename>maksssksksss271_png.rf.120ba27735e8af5ccd22695a138a63a0.jpg</filename>
	<path>maksssksksss271_png.rf.120ba27735e8af5ccd22695a138a63a0.jpg</path>
	<source>
		<database>roboflow.ai</database>
	</source>
	<size>
		<width>416</width>
		<height>416</height>
		<depth>3</depth>
	</size>
	<segmented>0</segmented>
	<object>
		<name>with_mask</name>
		<pose>Unspecified</pose>
		<truncated>0</truncated>
		<difficult>0</difficult>
		<occluded>0</occluded>
		<bndbox>
			<xmin>123</xmin>
			<xmax>293</xmax>
			<ymin>184</ymin>
			<ymax>346</ymax>
		</bndbox>
	</object>
</annotation>
