<annotation>
	<folder></folder>
	<filename>maksssksksss507_png.rf.562dc1e66476e2cd0a010efeab15a011.jpg</filename>
	<path>maksssksksss507_png.rf.562dc1e66476e2cd0a010efeab15a011.jpg</path>
	<source>
		<database>roboflow.ai</database>
	</source>
	<size>
		<width>416</width>
		<height>416</height>
		<depth>3</depth>
	</size>
	<segmented>0</segmented>
	<object>
		<name>with_mask</name>
		<pose>Unspecified</pose>
		<truncated>0</truncated>
		<difficult>0</difficult>
		<occluded>0</occluded>
		<bndbox>
			<xmin>136</xmin>
			<xmax>260</xmax>
			<ymin>113</ymin>
			<ymax>363</ymax>
		</bndbox>
	</object>
</annotation>
