<annotation>
	<folder></folder>
	<filename>maksssksksss346_png.rf.d60907baf8c90a03c8bfe55d48745ae9.jpg</filename>
	<path>maksssksksss346_png.rf.d60907baf8c90a03c8bfe55d48745ae9.jpg</path>
	<source>
		<database>roboflow.ai</database>
	</source>
	<size>
		<width>416</width>
		<height>416</height>
		<depth>3</depth>
	</size>
	<segmented>0</segmented>
	<object>
		<name>with_mask</name>
		<pose>Unspecified</pose>
		<truncated>0</truncated>
		<difficult>0</difficult>
		<occluded>0</occluded>
		<bndbox>
			<xmin>56</xmin>
			<xmax>147</xmax>
			<ymin>20</ymin>
			<ymax>120</ymax>
		</bndbox>
	</object>
	<object>
		<name>with_mask</name>
		<pose>Unspecified</pose>
		<truncated>0</truncated>
		<difficult>0</difficult>
		<occluded>0</occluded>
		<bndbox>
			<xmin>283</xmin>
			<xmax>401</xmax>
			<ymin>29</ymin>
			<ymax>176</ymax>
		</bndbox>
	</object>
	<object>
		<name>with_mask</name>
		<pose>Unspecified</pose>
		<truncated>0</truncated>
		<difficult>0</difficult>
		<occluded>0</occluded>
		<bndbox>
			<xmin>104</xmin>
			<xmax>155</xmax>
			<ymin>283</ymin>
			<ymax>362</ymax>
		</bndbox>
	</object>
	<object>
		<name>with_mask</name>
		<pose>Unspecified</pose>
		<truncated>0</truncated>
		<difficult>0</difficult>
		<occluded>0</occluded>
		<bndbox>
			<xmin>256</xmin>
			<xmax>363</xmax>
			<ymin>279</ymin>
			<ymax>394</ymax>
		</bndbox>
	</object>
</annotation>
