<annotation>
	<folder></folder>
	<filename>maksssksksss263_png.rf.3e787bb1c8b690d62343faf367ce83e4.jpg</filename>
	<path>maksssksksss263_png.rf.3e787bb1c8b690d62343faf367ce83e4.jpg</path>
	<source>
		<database>roboflow.ai</database>
	</source>
	<size>
		<width>416</width>
		<height>416</height>
		<depth>3</depth>
	</size>
	<segmented>0</segmented>
	<object>
		<name>without_mask</name>
		<pose>Unspecified</pose>
		<truncated>0</truncated>
		<difficult>0</difficult>
		<occluded>0</occluded>
		<bndbox>
			<xmin>52</xmin>
			<xmax>90</xmax>
			<ymin>250</ymin>
			<ymax>310</ymax>
		</bndbox>
	</object>
	<object>
		<name>with_mask</name>
		<pose>Unspecified</pose>
		<truncated>0</truncated>
		<difficult>0</difficult>
		<occluded>0</occluded>
		<bndbox>
			<xmin>171</xmin>
			<xmax>225</xmax>
			<ymin>185</ymin>
			<ymax>276</ymax>
		</bndbox>
	</object>
	<object>
		<name>with_mask</name>
		<pose>Unspecified</pose>
		<truncated>0</truncated>
		<difficult>0</difficult>
		<occluded>0</occluded>
		<bndbox>
			<xmin>317</xmin>
			<xmax>377</xmax>
			<ymin>182</ymin>
			<ymax>279</ymax>
		</bndbox>
	</object>
</annotation>
