<annotation>
	<folder></folder>
	<filename>maksssksksss235_png.rf.f5c67ebfe75b5bf382fdb9778133a37c.jpg</filename>
	<path>maksssksksss235_png.rf.f5c67ebfe75b5bf382fdb9778133a37c.jpg</path>
	<source>
		<database>roboflow.ai</database>
	</source>
	<size>
		<width>416</width>
		<height>416</height>
		<depth>3</depth>
	</size>
	<segmented>0</segmented>
	<object>
		<name>with_mask</name>
		<pose>Unspecified</pose>
		<truncated>0</truncated>
		<difficult>0</difficult>
		<occluded>0</occluded>
		<bndbox>
			<xmin>322</xmin>
			<xmax>356</xmax>
			<ymin>111</ymin>
			<ymax>161</ymax>
		</bndbox>
	</object>
	<object>
		<name>with_mask</name>
		<pose>Unspecified</pose>
		<truncated>0</truncated>
		<difficult>0</difficult>
		<occluded>0</occluded>
		<bndbox>
			<xmin>230</xmin>
			<xmax>240</xmax>
			<ymin>144</ymin>
			<ymax>165</ymax>
		</bndbox>
	</object>
	<object>
		<name>with_mask</name>
		<pose>Unspecified</pose>
		<truncated>0</truncated>
		<difficult>0</difficult>
		<occluded>0</occluded>
		<bndbox>
			<xmin>257</xmin>
			<xmax>274</xmax>
			<ymin>147</ymin>
			<ymax>163</ymax>
		</bndbox>
	</object>
	<object>
		<name>with_mask</name>
		<pose>Unspecified</pose>
		<truncated>0</truncated>
		<difficult>0</difficult>
		<occluded>0</occluded>
		<bndbox>
			<xmin>275</xmin>
			<xmax>285</xmax>
			<ymin>142</ymin>
			<ymax>158</ymax>
		</bndbox>
	</object>
</annotation>
