<annotation>
	<folder></folder>
	<filename>maksssksksss598_png.rf.f9ddc9b70618c50b50092e0c48287fa5.jpg</filename>
	<path>maksssksksss598_png.rf.f9ddc9b70618c50b50092e0c48287fa5.jpg</path>
	<source>
		<database>roboflow.ai</database>
	</source>
	<size>
		<width>416</width>
		<height>416</height>
		<depth>3</depth>
	</size>
	<segmented>0</segmented>
	<object>
		<name>with_mask</name>
		<pose>Unspecified</pose>
		<truncated>0</truncated>
		<difficult>0</difficult>
		<occluded>0</occluded>
		<bndbox>
			<xmin>153</xmin>
			<xmax>305</xmax>
			<ymin>211</ymin>
			<ymax>369</ymax>
		</bndbox>
	</object>
</annotation>
