<annotation>
	<folder></folder>
	<filename>maksssksksss552_png.rf.0f624c78f390c04043671820e8425dde.jpg</filename>
	<path>maksssksksss552_png.rf.0f624c78f390c04043671820e8425dde.jpg</path>
	<source>
		<database>roboflow.ai</database>
	</source>
	<size>
		<width>416</width>
		<height>416</height>
		<depth>3</depth>
	</size>
	<segmented>0</segmented>
	<object>
		<name>with_mask</name>
		<pose>Unspecified</pose>
		<truncated>0</truncated>
		<difficult>0</difficult>
		<occluded>0</occluded>
		<bndbox>
			<xmin>161</xmin>
			<xmax>237</xmax>
			<ymin>57</ymin>
			<ymax>172</ymax>
		</bndbox>
	</object>
</annotation>
