<annotation>
	<folder></folder>
	<filename>maksssksksss540_png.rf.1e78a725b702c92fef3bd61cce54b9c2.jpg</filename>
	<path>maksssksksss540_png.rf.1e78a725b702c92fef3bd61cce54b9c2.jpg</path>
	<source>
		<database>roboflow.ai</database>
	</source>
	<size>
		<width>416</width>
		<height>416</height>
		<depth>3</depth>
	</size>
	<segmented>0</segmented>
	<object>
		<name>without_mask</name>
		<pose>Unspecified</pose>
		<truncated>0</truncated>
		<difficult>0</difficult>
		<occluded>0</occluded>
		<bndbox>
			<xmin>147</xmin>
			<xmax>279</xmax>
			<ymin>134</ymin>
			<ymax>255</ymax>
		</bndbox>
	</object>
</annotation>
