<annotation>
	<folder></folder>
	<filename>maksssksksss504_png.rf.06d2a376d9f74ad55be4ab3881747e32.jpg</filename>
	<path>maksssksksss504_png.rf.06d2a376d9f74ad55be4ab3881747e32.jpg</path>
	<source>
		<database>roboflow.ai</database>
	</source>
	<size>
		<width>416</width>
		<height>416</height>
		<depth>3</depth>
	</size>
	<segmented>0</segmented>
	<object>
		<name>with_mask</name>
		<pose>Unspecified</pose>
		<truncated>0</truncated>
		<difficult>0</difficult>
		<occluded>0</occluded>
		<bndbox>
			<xmin>43</xmin>
			<xmax>186</xmax>
			<ymin>177</ymin>
			<ymax>308</ymax>
		</bndbox>
	</object>
</annotation>
