<annotation>
	<folder></folder>
	<filename>maksssksksss313_png.rf.2fcbe1e4d307e15206742e6a1036bb38.jpg</filename>
	<path>maksssksksss313_png.rf.2fcbe1e4d307e15206742e6a1036bb38.jpg</path>
	<source>
		<database>roboflow.ai</database>
	</source>
	<size>
		<width>416</width>
		<height>416</height>
		<depth>3</depth>
	</size>
	<segmented>0</segmented>
	<object>
		<name>with_mask</name>
		<pose>Unspecified</pose>
		<truncated>0</truncated>
		<difficult>0</difficult>
		<occluded>0</occluded>
		<bndbox>
			<xmin>149</xmin>
			<xmax>321</xmax>
			<ymin>41</ymin>
			<ymax>267</ymax>
		</bndbox>
	</object>
</annotation>
