<annotation>
	<folder></folder>
	<filename>maksssksksss443_png.rf.ac997e1e1efd5cb912239361721a575f.jpg</filename>
	<path>maksssksksss443_png.rf.ac997e1e1efd5cb912239361721a575f.jpg</path>
	<source>
		<database>roboflow.ai</database>
	</source>
	<size>
		<width>416</width>
		<height>416</height>
		<depth>3</depth>
	</size>
	<segmented>0</segmented>
	<object>
		<name>without_mask</name>
		<pose>Unspecified</pose>
		<truncated>0</truncated>
		<difficult>0</difficult>
		<occluded>0</occluded>
		<bndbox>
			<xmin>123</xmin>
			<xmax>258</xmax>
			<ymin>161</ymin>
			<ymax>275</ymax>
		</bndbox>
	</object>
</annotation>
