<annotation>
	<folder></folder>
	<filename>maksssksksss442_png.rf.0258f7f2bfbd2302171b0ffaf256b1c3.jpg</filename>
	<path>maksssksksss442_png.rf.0258f7f2bfbd2302171b0ffaf256b1c3.jpg</path>
	<source>
		<database>roboflow.ai</database>
	</source>
	<size>
		<width>416</width>
		<height>416</height>
		<depth>3</depth>
	</size>
	<segmented>0</segmented>
	<object>
		<name>without_mask</name>
		<pose>Unspecified</pose>
		<truncated>0</truncated>
		<difficult>0</difficult>
		<occluded>0</occluded>
		<bndbox>
			<xmin>123</xmin>
			<xmax>297</xmax>
			<ymin>176</ymin>
			<ymax>321</ymax>
		</bndbox>
	</object>
</annotation>
