<annotation>
	<folder></folder>
	<filename>maksssksksss332_png.rf.50d9c9cc34d6fcb529e100a48e108121.jpg</filename>
	<path>maksssksksss332_png.rf.50d9c9cc34d6fcb529e100a48e108121.jpg</path>
	<source>
		<database>roboflow.ai</database>
	</source>
	<size>
		<width>416</width>
		<height>416</height>
		<depth>3</depth>
	</size>
	<segmented>0</segmented>
	<object>
		<name>with_mask</name>
		<pose>Unspecified</pose>
		<truncated>0</truncated>
		<difficult>0</difficult>
		<occluded>0</occluded>
		<bndbox>
			<xmin>85</xmin>
			<xmax>229</xmax>
			<ymin>222</ymin>
			<ymax>332</ymax>
		</bndbox>
	</object>
</annotation>
