<annotation>
	<folder></folder>
	<filename>maksssksksss605_png.rf.151971441ebc144b5746983e13375a7c.jpg</filename>
	<path>maksssksksss605_png.rf.151971441ebc144b5746983e13375a7c.jpg</path>
	<source>
		<database>roboflow.ai</database>
	</source>
	<size>
		<width>416</width>
		<height>416</height>
		<depth>3</depth>
	</size>
	<segmented>0</segmented>
	<object>
		<name>with_mask</name>
		<pose>Unspecified</pose>
		<truncated>0</truncated>
		<difficult>0</difficult>
		<occluded>0</occluded>
		<bndbox>
			<xmin>205</xmin>
			<xmax>247</xmax>
			<ymin>49</ymin>
			<ymax>84</ymax>
		</bndbox>
	</object>
</annotation>
