<annotation>
	<folder></folder>
	<filename>maksssksksss590_png.rf.6120c630f803be52b328a7da3b2cc8d6.jpg</filename>
	<path>maksssksksss590_png.rf.6120c630f803be52b328a7da3b2cc8d6.jpg</path>
	<source>
		<database>roboflow.ai</database>
	</source>
	<size>
		<width>416</width>
		<height>416</height>
		<depth>3</depth>
	</size>
	<segmented>0</segmented>
	<object>
		<name>with_mask</name>
		<pose>Unspecified</pose>
		<truncated>0</truncated>
		<difficult>0</difficult>
		<occluded>0</occluded>
		<bndbox>
			<xmin>91</xmin>
			<xmax>237</xmax>
			<ymin>197</ymin>
			<ymax>329</ymax>
		</bndbox>
	</object>
</annotation>
