<annotation>
	<folder></folder>
	<filename>maksssksksss335_png.rf.511ecd384db41255dbd7dcc2cd5ea0b9.jpg</filename>
	<path>maksssksksss335_png.rf.511ecd384db41255dbd7dcc2cd5ea0b9.jpg</path>
	<source>
		<database>roboflow.ai</database>
	</source>
	<size>
		<width>416</width>
		<height>416</height>
		<depth>3</depth>
	</size>
	<segmented>0</segmented>
	<object>
		<name>with_mask</name>
		<pose>Unspecified</pose>
		<truncated>0</truncated>
		<difficult>0</difficult>
		<occluded>0</occluded>
		<bndbox>
			<xmin>17</xmin>
			<xmax>173</xmax>
			<ymin>159</ymin>
			<ymax>305</ymax>
		</bndbox>
	</object>
</annotation>
