<annotation>
	<folder></folder>
	<filename>maksssksksss287_png.rf.409d5e5f10098f5af032beaba51b0303.jpg</filename>
	<path>maksssksksss287_png.rf.409d5e5f10098f5af032beaba51b0303.jpg</path>
	<source>
		<database>roboflow.ai</database>
	</source>
	<size>
		<width>416</width>
		<height>416</height>
		<depth>3</depth>
	</size>
	<segmented>0</segmented>
	<object>
		<name>with_mask</name>
		<pose>Unspecified</pose>
		<truncated>0</truncated>
		<difficult>0</difficult>
		<occluded>0</occluded>
		<bndbox>
			<xmin>37</xmin>
			<xmax>169</xmax>
			<ymin>110</ymin>
			<ymax>255</ymax>
		</bndbox>
	</object>
	<object>
		<name>with_mask</name>
		<pose>Unspecified</pose>
		<truncated>0</truncated>
		<difficult>0</difficult>
		<occluded>0</occluded>
		<bndbox>
			<xmin>258</xmin>
			<xmax>375</xmax>
			<ymin>140</ymin>
			<ymax>264</ymax>
		</bndbox>
	</object>
</annotation>
