<annotation>
	<folder></folder>
	<filename>maksssksksss578_png.rf.e7b426aefdd948c43c53703811e573c0.jpg</filename>
	<path>maksssksksss578_png.rf.e7b426aefdd948c43c53703811e573c0.jpg</path>
	<source>
		<database>roboflow.ai</database>
	</source>
	<size>
		<width>416</width>
		<height>416</height>
		<depth>3</depth>
	</size>
	<segmented>0</segmented>
	<object>
		<name>without_mask</name>
		<pose>Unspecified</pose>
		<truncated>0</truncated>
		<difficult>0</difficult>
		<occluded>0</occluded>
		<bndbox>
			<xmin>145</xmin>
			<xmax>159</xmax>
			<ymin>314</ymin>
			<ymax>340</ymax>
		</bndbox>
	</object>
	<object>
		<name>with_mask</name>
		<pose>Unspecified</pose>
		<truncated>0</truncated>
		<difficult>0</difficult>
		<occluded>0</occluded>
		<bndbox>
			<xmin>199</xmin>
			<xmax>231</xmax>
			<ymin>172</ymin>
			<ymax>227</ymax>
		</bndbox>
	</object>
	<object>
		<name>with_mask</name>
		<pose>Unspecified</pose>
		<truncated>0</truncated>
		<difficult>0</difficult>
		<occluded>0</occluded>
		<bndbox>
			<xmin>319</xmin>
			<xmax>354</xmax>
			<ymin>181</ymin>
			<ymax>237</ymax>
		</bndbox>
	</object>
</annotation>
