<annotation>
	<folder></folder>
	<filename>maksssksksss602_png.rf.41f0ea0edd145a6a0a72428d9be8ff63.jpg</filename>
	<path>maksssksksss602_png.rf.41f0ea0edd145a6a0a72428d9be8ff63.jpg</path>
	<source>
		<database>roboflow.ai</database>
	</source>
	<size>
		<width>416</width>
		<height>416</height>
		<depth>3</depth>
	</size>
	<segmented>0</segmented>
	<object>
		<name>with_mask</name>
		<pose>Unspecified</pose>
		<truncated>0</truncated>
		<difficult>0</difficult>
		<occluded>0</occluded>
		<bndbox>
			<xmin>261</xmin>
			<xmax>281</xmax>
			<ymin>40</ymin>
			<ymax>80</ymax>
		</bndbox>
	</object>
</annotation>
