<annotation>
	<folder></folder>
	<filename>maksssksksss538_png.rf.3cb97f01675eba81183ad8f54710ad51.jpg</filename>
	<path>maksssksksss538_png.rf.3cb97f01675eba81183ad8f54710ad51.jpg</path>
	<source>
		<database>roboflow.ai</database>
	</source>
	<size>
		<width>416</width>
		<height>416</height>
		<depth>3</depth>
	</size>
	<segmented>0</segmented>
	<object>
		<name>without_mask</name>
		<pose>Unspecified</pose>
		<truncated>0</truncated>
		<difficult>0</difficult>
		<occluded>0</occluded>
		<bndbox>
			<xmin>28</xmin>
			<xmax>34</xmax>
			<ymin>149</ymin>
			<ymax>158</ymax>
		</bndbox>
	</object>
	<object>
		<name>with_mask</name>
		<pose>Unspecified</pose>
		<truncated>0</truncated>
		<difficult>0</difficult>
		<occluded>0</occluded>
		<bndbox>
			<xmin>127</xmin>
			<xmax>148</xmax>
			<ymin>147</ymin>
			<ymax>191</ymax>
		</bndbox>
	</object>
	<object>
		<name>with_mask</name>
		<pose>Unspecified</pose>
		<truncated>0</truncated>
		<difficult>0</difficult>
		<occluded>0</occluded>
		<bndbox>
			<xmin>259</xmin>
			<xmax>286</xmax>
			<ymin>105</ymin>
			<ymax>158</ymax>
		</bndbox>
	</object>
</annotation>
