<annotation>
	<folder></folder>
	<filename>maksssksksss463_png.rf.5589ae56245a8a9e9ef9e3b10b4b575f.jpg</filename>
	<path>maksssksksss463_png.rf.5589ae56245a8a9e9ef9e3b10b4b575f.jpg</path>
	<source>
		<database>roboflow.ai</database>
	</source>
	<size>
		<width>416</width>
		<height>416</height>
		<depth>3</depth>
	</size>
	<segmented>0</segmented>
	<object>
		<name>with_mask</name>
		<pose>Unspecified</pose>
		<truncated>0</truncated>
		<difficult>0</difficult>
		<occluded>0</occluded>
		<bndbox>
			<xmin>155</xmin>
			<xmax>294</xmax>
			<ymin>105</ymin>
			<ymax>235</ymax>
		</bndbox>
	</object>
</annotation>
