<annotation>
	<folder></folder>
	<filename>maksssksksss503_png.rf.80957b98f0029a36440c0e8664a56438.jpg</filename>
	<path>maksssksksss503_png.rf.80957b98f0029a36440c0e8664a56438.jpg</path>
	<source>
		<database>roboflow.ai</database>
	</source>
	<size>
		<width>416</width>
		<height>416</height>
		<depth>3</depth>
	</size>
	<segmented>0</segmented>
	<object>
		<name>with_mask</name>
		<pose>Unspecified</pose>
		<truncated>0</truncated>
		<difficult>0</difficult>
		<occluded>0</occluded>
		<bndbox>
			<xmin>204</xmin>
			<xmax>250</xmax>
			<ymin>203</ymin>
			<ymax>262</ymax>
		</bndbox>
	</object>
	<object>
		<name>with_mask</name>
		<pose>Unspecified</pose>
		<truncated>0</truncated>
		<difficult>0</difficult>
		<occluded>0</occluded>
		<bndbox>
			<xmin>255</xmin>
			<xmax>306</xmax>
			<ymin>98</ymin>
			<ymax>175</ymax>
		</bndbox>
	</object>
</annotation>
