<annotation>
	<folder></folder>
	<filename>maksssksksss138_png.rf.73c6e5f684de71fbd2585a337635743f.jpg</filename>
	<path>maksssksksss138_png.rf.73c6e5f684de71fbd2585a337635743f.jpg</path>
	<source>
		<database>roboflow.ai</database>
	</source>
	<size>
		<width>416</width>
		<height>416</height>
		<depth>3</depth>
	</size>
	<segmented>0</segmented>
	<object>
		<name>with_mask</name>
		<pose>Unspecified</pose>
		<truncated>0</truncated>
		<difficult>0</difficult>
		<occluded>0</occluded>
		<bndbox>
			<xmin>53</xmin>
			<xmax>133</xmax>
			<ymin>224</ymin>
			<ymax>372</ymax>
		</bndbox>
	</object>
	<object>
		<name>with_mask</name>
		<pose>Unspecified</pose>
		<truncated>0</truncated>
		<difficult>0</difficult>
		<occluded>0</occluded>
		<bndbox>
			<xmin>153</xmin>
			<xmax>226</xmax>
			<ymin>263</ymin>
			<ymax>362</ymax>
		</bndbox>
	</object>
	<object>
		<name>with_mask</name>
		<pose>Unspecified</pose>
		<truncated>0</truncated>
		<difficult>0</difficult>
		<occluded>0</occluded>
		<bndbox>
			<xmin>233</xmin>
			<xmax>321</xmax>
			<ymin>143</ymin>
			<ymax>289</ymax>
		</bndbox>
	</object>
</annotation>
