<annotation>
	<folder></folder>
	<filename>maksssksksss425_png.rf.fe0228598a336f62e0027dcf475d4614.jpg</filename>
	<path>maksssksksss425_png.rf.fe0228598a336f62e0027dcf475d4614.jpg</path>
	<source>
		<database>roboflow.ai</database>
	</source>
	<size>
		<width>416</width>
		<height>416</height>
		<depth>3</depth>
	</size>
	<segmented>0</segmented>
	<object>
		<name>with_mask</name>
		<pose>Unspecified</pose>
		<truncated>0</truncated>
		<difficult>0</difficult>
		<occluded>0</occluded>
		<bndbox>
			<xmin>211</xmin>
			<xmax>363</xmax>
			<ymin>127</ymin>
			<ymax>277</ymax>
		</bndbox>
	</object>
</annotation>
