<annotation>
	<folder></folder>
	<filename>maksssksksss446_png.rf.18b7cc4b92d96a70a67012b021e4a7d3.jpg</filename>
	<path>maksssksksss446_png.rf.18b7cc4b92d96a70a67012b021e4a7d3.jpg</path>
	<source>
		<database>roboflow.ai</database>
	</source>
	<size>
		<width>416</width>
		<height>416</height>
		<depth>3</depth>
	</size>
	<segmented>0</segmented>
	<object>
		<name>with_mask</name>
		<pose>Unspecified</pose>
		<truncated>0</truncated>
		<difficult>0</difficult>
		<occluded>0</occluded>
		<bndbox>
			<xmin>65</xmin>
			<xmax>329</xmax>
			<ymin>41</ymin>
			<ymax>321</ymax>
		</bndbox>
	</object>
</annotation>
