<annotation>
	<folder></folder>
	<filename>maksssksksss315_png.rf.fa307897b060a2102588c2af053de146.jpg</filename>
	<path>maksssksksss315_png.rf.fa307897b060a2102588c2af053de146.jpg</path>
	<source>
		<database>roboflow.ai</database>
	</source>
	<size>
		<width>416</width>
		<height>416</height>
		<depth>3</depth>
	</size>
	<segmented>0</segmented>
	<object>
		<name>with_mask</name>
		<pose>Unspecified</pose>
		<truncated>0</truncated>
		<difficult>0</difficult>
		<occluded>0</occluded>
		<bndbox>
			<xmin>129</xmin>
			<xmax>191</xmax>
			<ymin>171</ymin>
			<ymax>269</ymax>
		</bndbox>
	</object>
	<object>
		<name>with_mask</name>
		<pose>Unspecified</pose>
		<truncated>0</truncated>
		<difficult>0</difficult>
		<occluded>0</occluded>
		<bndbox>
			<xmin>283</xmin>
			<xmax>333</xmax>
			<ymin>182</ymin>
			<ymax>253</ymax>
		</bndbox>
	</object>
</annotation>
