<annotation>
	<folder></folder>
	<filename>maksssksksss187_png.rf.75bb41a70771deccff43b356cfd6a930.jpg</filename>
	<path>maksssksksss187_png.rf.75bb41a70771deccff43b356cfd6a930.jpg</path>
	<source>
		<database>roboflow.ai</database>
	</source>
	<size>
		<width>416</width>
		<height>416</height>
		<depth>3</depth>
	</size>
	<segmented>0</segmented>
	<object>
		<name>with_mask</name>
		<pose>Unspecified</pose>
		<truncated>0</truncated>
		<difficult>0</difficult>
		<occluded>0</occluded>
		<bndbox>
			<xmin>239</xmin>
			<xmax>333</xmax>
			<ymin>134</ymin>
			<ymax>252</ymax>
		</bndbox>
	</object>
</annotation>
