<annotation>
	<folder></folder>
	<filename>maksssksksss478_png.rf.97649200ec37f75743e272ceacf152a2.jpg</filename>
	<path>maksssksksss478_png.rf.97649200ec37f75743e272ceacf152a2.jpg</path>
	<source>
		<database>roboflow.ai</database>
	</source>
	<size>
		<width>416</width>
		<height>416</height>
		<depth>3</depth>
	</size>
	<segmented>0</segmented>
	<object>
		<name>with_mask</name>
		<pose>Unspecified</pose>
		<truncated>0</truncated>
		<difficult>0</difficult>
		<occluded>0</occluded>
		<bndbox>
			<xmin>38</xmin>
			<xmax>164</xmax>
			<ymin>106</ymin>
			<ymax>253</ymax>
		</bndbox>
	</object>
	<object>
		<name>with_mask</name>
		<pose>Unspecified</pose>
		<truncated>0</truncated>
		<difficult>0</difficult>
		<occluded>0</occluded>
		<bndbox>
			<xmin>256</xmin>
			<xmax>376</xmax>
			<ymin>139</ymin>
			<ymax>260</ymax>
		</bndbox>
	</object>
</annotation>
