<annotation>
	<folder></folder>
	<filename>maksssksksss472_png.rf.a6a8e6c1c0afe4a1f8868acd458db477.jpg</filename>
	<path>maksssksksss472_png.rf.a6a8e6c1c0afe4a1f8868acd458db477.jpg</path>
	<source>
		<database>roboflow.ai</database>
	</source>
	<size>
		<width>416</width>
		<height>416</height>
		<depth>3</depth>
	</size>
	<segmented>0</segmented>
	<object>
		<name>with_mask</name>
		<pose>Unspecified</pose>
		<truncated>0</truncated>
		<difficult>0</difficult>
		<occluded>0</occluded>
		<bndbox>
			<xmin>229</xmin>
			<xmax>266</xmax>
			<ymin>94</ymin>
			<ymax>162</ymax>
		</bndbox>
	</object>
</annotation>
