<annotation>
	<folder></folder>
	<filename>maksssksksss300_png.rf.e10958e2228e93ba32988efabae0c428.jpg</filename>
	<path>maksssksksss300_png.rf.e10958e2228e93ba32988efabae0c428.jpg</path>
	<source>
		<database>roboflow.ai</database>
	</source>
	<size>
		<width>416</width>
		<height>416</height>
		<depth>3</depth>
	</size>
	<segmented>0</segmented>
	<object>
		<name>with_mask</name>
		<pose>Unspecified</pose>
		<truncated>0</truncated>
		<difficult>0</difficult>
		<occluded>0</occluded>
		<bndbox>
			<xmin>113</xmin>
			<xmax>248</xmax>
			<ymin>165</ymin>
			<ymax>283</ymax>
		</bndbox>
	</object>
</annotation>
