<annotation>
	<folder></folder>
	<filename>maksssksksss142_png.rf.61024d6b8602622749ac8a68d2337877.jpg</filename>
	<path>maksssksksss142_png.rf.61024d6b8602622749ac8a68d2337877.jpg</path>
	<source>
		<database>roboflow.ai</database>
	</source>
	<size>
		<width>416</width>
		<height>416</height>
		<depth>3</depth>
	</size>
	<segmented>0</segmented>
	<object>
		<name>with_mask</name>
		<pose>Unspecified</pose>
		<truncated>0</truncated>
		<difficult>0</difficult>
		<occluded>0</occluded>
		<bndbox>
			<xmin>125</xmin>
			<xmax>212</xmax>
			<ymin>127</ymin>
			<ymax>272</ymax>
		</bndbox>
	</object>
</annotation>
