<annotation>
	<folder></folder>
	<filename>maksssksksss397_png.rf.58a3bef620d625327a5494c8e40ec246.jpg</filename>
	<path>maksssksksss397_png.rf.58a3bef620d625327a5494c8e40ec246.jpg</path>
	<source>
		<database>roboflow.ai</database>
	</source>
	<size>
		<width>416</width>
		<height>416</height>
		<depth>3</depth>
	</size>
	<segmented>0</segmented>
	<object>
		<name>with_mask</name>
		<pose>Unspecified</pose>
		<truncated>0</truncated>
		<difficult>0</difficult>
		<occluded>0</occluded>
		<bndbox>
			<xmin>42</xmin>
			<xmax>85</xmax>
			<ymin>79</ymin>
			<ymax>167</ymax>
		</bndbox>
	</object>
	<object>
		<name>with_mask</name>
		<pose>Unspecified</pose>
		<truncated>0</truncated>
		<difficult>0</difficult>
		<occluded>0</occluded>
		<bndbox>
			<xmin>188</xmin>
			<xmax>262</xmax>
			<ymin>106</ymin>
			<ymax>236</ymax>
		</bndbox>
	</object>
	<object>
		<name>with_mask</name>
		<pose>Unspecified</pose>
		<truncated>0</truncated>
		<difficult>0</difficult>
		<occluded>0</occluded>
		<bndbox>
			<xmin>315</xmin>
			<xmax>372</xmax>
			<ymin>90</ymin>
			<ymax>197</ymax>
		</bndbox>
	</object>
</annotation>
