<annotation>
	<folder></folder>
	<filename>maksssksksss17_png.rf.8dc7a0b81f6cca1b3c85f72364701dc3.jpg</filename>
	<path>maksssksksss17_png.rf.8dc7a0b81f6cca1b3c85f72364701dc3.jpg</path>
	<source>
		<database>roboflow.ai</database>
	</source>
	<size>
		<width>416</width>
		<height>416</height>
		<depth>3</depth>
	</size>
	<segmented>0</segmented>
	<object>
		<name>with_mask</name>
		<pose>Unspecified</pose>
		<truncated>0</truncated>
		<difficult>0</difficult>
		<occluded>0</occluded>
		<bndbox>
			<xmin>101</xmin>
			<xmax>233</xmax>
			<ymin>186</ymin>
			<ymax>309</ymax>
		</bndbox>
	</object>
</annotation>
