<annotation>
	<folder></folder>
	<filename>maksssksksss228_png.rf.7e9a6ab0fed2f68851708b66bbe25225.jpg</filename>
	<path>maksssksksss228_png.rf.7e9a6ab0fed2f68851708b66bbe25225.jpg</path>
	<source>
		<database>roboflow.ai</database>
	</source>
	<size>
		<width>416</width>
		<height>416</height>
		<depth>3</depth>
	</size>
	<segmented>0</segmented>
	<object>
		<name>with_mask</name>
		<pose>Unspecified</pose>
		<truncated>0</truncated>
		<difficult>0</difficult>
		<occluded>0</occluded>
		<bndbox>
			<xmin>63</xmin>
			<xmax>203</xmax>
			<ymin>199</ymin>
			<ymax>337</ymax>
		</bndbox>
	</object>
</annotation>
