<annotation>
	<folder></folder>
	<filename>maksssksksss596_png.rf.8ca43f85fa63e3a83ad73eb32f230b15.jpg</filename>
	<path>maksssksksss596_png.rf.8ca43f85fa63e3a83ad73eb32f230b15.jpg</path>
	<source>
		<database>roboflow.ai</database>
	</source>
	<size>
		<width>416</width>
		<height>416</height>
		<depth>3</depth>
	</size>
	<segmented>0</segmented>
	<object>
		<name>with_mask</name>
		<pose>Unspecified</pose>
		<truncated>0</truncated>
		<difficult>0</difficult>
		<occluded>0</occluded>
		<bndbox>
			<xmin>139</xmin>
			<xmax>315</xmax>
			<ymin>157</ymin>
			<ymax>340</ymax>
		</bndbox>
	</object>
</annotation>
