<annotation>
	<folder></folder>
	<filename>maksssksksss369_png.rf.242c373066677f41f59e32211ea2820d.jpg</filename>
	<path>maksssksksss369_png.rf.242c373066677f41f59e32211ea2820d.jpg</path>
	<source>
		<database>roboflow.ai</database>
	</source>
	<size>
		<width>416</width>
		<height>416</height>
		<depth>3</depth>
	</size>
	<segmented>0</segmented>
	<object>
		<name>with_mask</name>
		<pose>Unspecified</pose>
		<truncated>0</truncated>
		<difficult>0</difficult>
		<occluded>0</occluded>
		<bndbox>
			<xmin>170</xmin>
			<xmax>300</xmax>
			<ymin>145</ymin>
			<ymax>278</ymax>
		</bndbox>
	</object>
</annotation>
