<annotation>
	<folder></folder>
	<filename>maksssksksss599_png.rf.e9fb83ec3b72c74fac11ac5b2db1efe1.jpg</filename>
	<path>maksssksksss599_png.rf.e9fb83ec3b72c74fac11ac5b2db1efe1.jpg</path>
	<source>
		<database>roboflow.ai</database>
	</source>
	<size>
		<width>416</width>
		<height>416</height>
		<depth>3</depth>
	</size>
	<segmented>0</segmented>
	<object>
		<name>with_mask</name>
		<pose>Unspecified</pose>
		<truncated>0</truncated>
		<difficult>0</difficult>
		<occluded>0</occluded>
		<bndbox>
			<xmin>119</xmin>
			<xmax>274</xmax>
			<ymin>150</ymin>
			<ymax>292</ymax>
		</bndbox>
	</object>
</annotation>
