<annotation>
	<folder></folder>
	<filename>maksssksksss371_png.rf.d80762a666e085fa767c0926b0bd6860.jpg</filename>
	<path>maksssksksss371_png.rf.d80762a666e085fa767c0926b0bd6860.jpg</path>
	<source>
		<database>roboflow.ai</database>
	</source>
	<size>
		<width>416</width>
		<height>416</height>
		<depth>3</depth>
	</size>
	<segmented>0</segmented>
	<object>
		<name>mask_weared_incorrect</name>
		<pose>Unspecified</pose>
		<truncated>0</truncated>
		<difficult>0</difficult>
		<occluded>0</occluded>
		<bndbox>
			<xmin>167</xmin>
			<xmax>274</xmax>
			<ymin>67</ymin>
			<ymax>284</ymax>
		</bndbox>
	</object>
</annotation>
