<annotation>
	<folder></folder>
	<filename>maksssksksss291_png.rf.44603c5b613baa5c19771bada4e47253.jpg</filename>
	<path>maksssksksss291_png.rf.44603c5b613baa5c19771bada4e47253.jpg</path>
	<source>
		<database>roboflow.ai</database>
	</source>
	<size>
		<width>416</width>
		<height>416</height>
		<depth>3</depth>
	</size>
	<segmented>0</segmented>
	<object>
		<name>with_mask</name>
		<pose>Unspecified</pose>
		<truncated>0</truncated>
		<difficult>0</difficult>
		<occluded>0</occluded>
		<bndbox>
			<xmin>188</xmin>
			<xmax>276</xmax>
			<ymin>270</ymin>
			<ymax>374</ymax>
		</bndbox>
	</object>
</annotation>
