<annotation>
	<folder></folder>
	<filename>maksssksksss600_png.rf.8a204c3496e8cfce911a305ea42c104b.jpg</filename>
	<path>maksssksksss600_png.rf.8a204c3496e8cfce911a305ea42c104b.jpg</path>
	<source>
		<database>roboflow.ai</database>
	</source>
	<size>
		<width>416</width>
		<height>416</height>
		<depth>3</depth>
	</size>
	<segmented>0</segmented>
	<object>
		<name>with_mask</name>
		<pose>Unspecified</pose>
		<truncated>0</truncated>
		<difficult>0</difficult>
		<occluded>0</occluded>
		<bndbox>
			<xmin>149</xmin>
			<xmax>262</xmax>
			<ymin>128</ymin>
			<ymax>306</ymax>
		</bndbox>
	</object>
</annotation>
