<annotation>
	<folder></folder>
	<filename>maksssksksss395_png.rf.5839fc4c15cb272582373525d4519565.jpg</filename>
	<path>maksssksksss395_png.rf.5839fc4c15cb272582373525d4519565.jpg</path>
	<source>
		<database>roboflow.ai</database>
	</source>
	<size>
		<width>416</width>
		<height>416</height>
		<depth>3</depth>
	</size>
	<segmented>0</segmented>
	<object>
		<name>with_mask</name>
		<pose>Unspecified</pose>
		<truncated>0</truncated>
		<difficult>0</difficult>
		<occluded>0</occluded>
		<bndbox>
			<xmin>227</xmin>
			<xmax>319</xmax>
			<ymin>88</ymin>
			<ymax>255</ymax>
		</bndbox>
	</object>
</annotation>
