<annotation>
	<folder></folder>
	<filename>maksssksksss182_png.rf.1e006341ee4489674a2d4b2d1f899fe4.jpg</filename>
	<path>maksssksksss182_png.rf.1e006341ee4489674a2d4b2d1f899fe4.jpg</path>
	<source>
		<database>roboflow.ai</database>
	</source>
	<size>
		<width>416</width>
		<height>416</height>
		<depth>3</depth>
	</size>
	<segmented>0</segmented>
	<object>
		<name>without_mask</name>
		<pose>Unspecified</pose>
		<truncated>0</truncated>
		<difficult>0</difficult>
		<occluded>0</occluded>
		<bndbox>
			<xmin>122</xmin>
			<xmax>174</xmax>
			<ymin>74</ymin>
			<ymax>152</ymax>
		</bndbox>
	</object>
	<object>
		<name>with_mask</name>
		<pose>Unspecified</pose>
		<truncated>0</truncated>
		<difficult>0</difficult>
		<occluded>0</occluded>
		<bndbox>
			<xmin>214</xmin>
			<xmax>282</xmax>
			<ymin>76</ymin>
			<ymax>169</ymax>
		</bndbox>
	</object>
</annotation>
