<annotation>
	<folder></folder>
	<filename>maksssksksss171_png.rf.bebe6a1d39bee23577727d904912538c.jpg</filename>
	<path>maksssksksss171_png.rf.bebe6a1d39bee23577727d904912538c.jpg</path>
	<source>
		<database>roboflow.ai</database>
	</source>
	<size>
		<width>416</width>
		<height>416</height>
		<depth>3</depth>
	</size>
	<segmented>0</segmented>
	<object>
		<name>with_mask</name>
		<pose>Unspecified</pose>
		<truncated>0</truncated>
		<difficult>0</difficult>
		<occluded>0</occluded>
		<bndbox>
			<xmin>216</xmin>
			<xmax>376</xmax>
			<ymin>127</ymin>
			<ymax>303</ymax>
		</bndbox>
	</object>
</annotation>
