<annotation>
	<folder></folder>
	<filename>maksssksksss500_png.rf.5af92647adbcf51d47e8cca35ac4d356.jpg</filename>
	<path>maksssksksss500_png.rf.5af92647adbcf51d47e8cca35ac4d356.jpg</path>
	<source>
		<database>roboflow.ai</database>
	</source>
	<size>
		<width>416</width>
		<height>416</height>
		<depth>3</depth>
	</size>
	<segmented>0</segmented>
	<object>
		<name>with_mask</name>
		<pose>Unspecified</pose>
		<truncated>0</truncated>
		<difficult>0</difficult>
		<occluded>0</occluded>
		<bndbox>
			<xmin>156</xmin>
			<xmax>298</xmax>
			<ymin>239</ymin>
			<ymax>383</ymax>
		</bndbox>
	</object>
</annotation>
