<annotation>
	<folder></folder>
	<filename>maksssksksss60_png.rf.e48ed72106a795edbefd1d3920e729ff.jpg</filename>
	<path>maksssksksss60_png.rf.e48ed72106a795edbefd1d3920e729ff.jpg</path>
	<source>
		<database>roboflow.ai</database>
	</source>
	<size>
		<width>416</width>
		<height>416</height>
		<depth>3</depth>
	</size>
	<segmented>0</segmented>
	<object>
		<name>with_mask</name>
		<pose>Unspecified</pose>
		<truncated>0</truncated>
		<difficult>0</difficult>
		<occluded>0</occluded>
		<bndbox>
			<xmin>108</xmin>
			<xmax>246</xmax>
			<ymin>183</ymin>
			<ymax>316</ymax>
		</bndbox>
	</object>
</annotation>
