<annotation>
	<folder></folder>
	<filename>maksssksksss456_png.rf.72b479bd2ce9f00a78010cd6ce817e56.jpg</filename>
	<path>maksssksksss456_png.rf.72b479bd2ce9f00a78010cd6ce817e56.jpg</path>
	<source>
		<database>roboflow.ai</database>
	</source>
	<size>
		<width>416</width>
		<height>416</height>
		<depth>3</depth>
	</size>
	<segmented>0</segmented>
	<object>
		<name>with_mask</name>
		<pose>Unspecified</pose>
		<truncated>0</truncated>
		<difficult>0</difficult>
		<occluded>0</occluded>
		<bndbox>
			<xmin>178</xmin>
			<xmax>241</xmax>
			<ymin>97</ymin>
			<ymax>195</ymax>
		</bndbox>
	</object>
</annotation>
