<annotation>
	<folder></folder>
	<filename>maksssksksss553_png.rf.3587bc2012f1b0e471a2a9733f39ca39.jpg</filename>
	<path>maksssksksss553_png.rf.3587bc2012f1b0e471a2a9733f39ca39.jpg</path>
	<source>
		<database>roboflow.ai</database>
	</source>
	<size>
		<width>416</width>
		<height>416</height>
		<depth>3</depth>
	</size>
	<segmented>0</segmented>
	<object>
		<name>with_mask</name>
		<pose>Unspecified</pose>
		<truncated>0</truncated>
		<difficult>0</difficult>
		<occluded>0</occluded>
		<bndbox>
			<xmin>197</xmin>
			<xmax>286</xmax>
			<ymin>198</ymin>
			<ymax>305</ymax>
		</bndbox>
	</object>
</annotation>
