<annotation>
	<folder></folder>
	<filename>maksssksksss464_png.rf.887ee194c95e60bfa83230f330eeed87.jpg</filename>
	<path>maksssksksss464_png.rf.887ee194c95e60bfa83230f330eeed87.jpg</path>
	<source>
		<database>roboflow.ai</database>
	</source>
	<size>
		<width>416</width>
		<height>416</height>
		<depth>3</depth>
	</size>
	<segmented>0</segmented>
	<object>
		<name>with_mask</name>
		<pose>Unspecified</pose>
		<truncated>0</truncated>
		<difficult>0</difficult>
		<occluded>0</occluded>
		<bndbox>
			<xmin>59</xmin>
			<xmax>111</xmax>
			<ymin>92</ymin>
			<ymax>169</ymax>
		</bndbox>
	</object>
	<object>
		<name>with_mask</name>
		<pose>Unspecified</pose>
		<truncated>0</truncated>
		<difficult>0</difficult>
		<occluded>0</occluded>
		<bndbox>
			<xmin>196</xmin>
			<xmax>227</xmax>
			<ymin>154</ymin>
			<ymax>202</ymax>
		</bndbox>
	</object>
	<object>
		<name>with_mask</name>
		<pose>Unspecified</pose>
		<truncated>0</truncated>
		<difficult>0</difficult>
		<occluded>0</occluded>
		<bndbox>
			<xmin>243</xmin>
			<xmax>273</xmax>
			<ymin>115</ymin>
			<ymax>162</ymax>
		</bndbox>
	</object>
	<object>
		<name>with_mask</name>
		<pose>Unspecified</pose>
		<truncated>0</truncated>
		<difficult>0</difficult>
		<occluded>0</occluded>
		<bndbox>
			<xmin>279</xmin>
			<xmax>302</xmax>
			<ymin>259</ymin>
			<ymax>299</ymax>
		</bndbox>
	</object>
</annotation>
