<annotation>
	<folder></folder>
	<filename>maksssksksss43_png.rf.721da265b287105122c2da1e0c7f3150.jpg</filename>
	<path>maksssksksss43_png.rf.721da265b287105122c2da1e0c7f3150.jpg</path>
	<source>
		<database>roboflow.ai</database>
	</source>
	<size>
		<width>416</width>
		<height>416</height>
		<depth>3</depth>
	</size>
	<segmented>0</segmented>
	<object>
		<name>with_mask</name>
		<pose>Unspecified</pose>
		<truncated>0</truncated>
		<difficult>0</difficult>
		<occluded>0</occluded>
		<bndbox>
			<xmin>181</xmin>
			<xmax>268</xmax>
			<ymin>48</ymin>
			<ymax>112</ymax>
		</bndbox>
	</object>
	<object>
		<name>with_mask</name>
		<pose>Unspecified</pose>
		<truncated>0</truncated>
		<difficult>0</difficult>
		<occluded>0</occluded>
		<bndbox>
			<xmin>10</xmin>
			<xmax>48</xmax>
			<ymin>126</ymin>
			<ymax>153</ymax>
		</bndbox>
	</object>
</annotation>
