<annotation>
	<folder></folder>
	<filename>maksssksksss309_png.rf.9dd2d01ddc78709b8660ceef49f175fb.jpg</filename>
	<path>maksssksksss309_png.rf.9dd2d01ddc78709b8660ceef49f175fb.jpg</path>
	<source>
		<database>roboflow.ai</database>
	</source>
	<size>
		<width>416</width>
		<height>416</height>
		<depth>3</depth>
	</size>
	<segmented>0</segmented>
	<object>
		<name>mask_weared_incorrect</name>
		<pose>Unspecified</pose>
		<truncated>0</truncated>
		<difficult>0</difficult>
		<occluded>0</occluded>
		<bndbox>
			<xmin>170</xmin>
			<xmax>268</xmax>
			<ymin>52</ymin>
			<ymax>118</ymax>
		</bndbox>
	</object>
</annotation>
