<annotation>
	<folder></folder>
	<filename>maksssksksss356_png.rf.b6cd6f034c33e16dae64f7ddb67a792b.jpg</filename>
	<path>maksssksksss356_png.rf.b6cd6f034c33e16dae64f7ddb67a792b.jpg</path>
	<source>
		<database>roboflow.ai</database>
	</source>
	<size>
		<width>416</width>
		<height>416</height>
		<depth>3</depth>
	</size>
	<segmented>0</segmented>
	<object>
		<name>with_mask</name>
		<pose>Unspecified</pose>
		<truncated>0</truncated>
		<difficult>0</difficult>
		<occluded>0</occluded>
		<bndbox>
			<xmin>156</xmin>
			<xmax>301</xmax>
			<ymin>185</ymin>
			<ymax>314</ymax>
		</bndbox>
	</object>
</annotation>
