<annotation>
	<folder></folder>
	<filename>maksssksksss262_png.rf.ca7611a76e4743c28802be6781a8bcac.jpg</filename>
	<path>maksssksksss262_png.rf.ca7611a76e4743c28802be6781a8bcac.jpg</path>
	<source>
		<database>roboflow.ai</database>
	</source>
	<size>
		<width>416</width>
		<height>416</height>
		<depth>3</depth>
	</size>
	<segmented>0</segmented>
	<object>
		<name>with_mask</name>
		<pose>Unspecified</pose>
		<truncated>0</truncated>
		<difficult>0</difficult>
		<occluded>0</occluded>
		<bndbox>
			<xmin>208</xmin>
			<xmax>359</xmax>
			<ymin>186</ymin>
			<ymax>329</ymax>
		</bndbox>
	</object>
</annotation>
