<annotation>
	<folder></folder>
	<filename>maksssksksss360_png.rf.54a3dd1e580b04704254005c64c6a650.jpg</filename>
	<path>maksssksksss360_png.rf.54a3dd1e580b04704254005c64c6a650.jpg</path>
	<source>
		<database>roboflow.ai</database>
	</source>
	<size>
		<width>416</width>
		<height>416</height>
		<depth>3</depth>
	</size>
	<segmented>0</segmented>
	<object>
		<name>with_mask</name>
		<pose>Unspecified</pose>
		<truncated>0</truncated>
		<difficult>0</difficult>
		<occluded>0</occluded>
		<bndbox>
			<xmin>180</xmin>
			<xmax>214</xmax>
			<ymin>51</ymin>
			<ymax>111</ymax>
		</bndbox>
	</object>
</annotation>
