<annotation>
	<folder></folder>
	<filename>maksssksksss28_png.rf.3479a60094dd0bf0af58a8caa7c38adb.jpg</filename>
	<path>maksssksksss28_png.rf.3479a60094dd0bf0af58a8caa7c38adb.jpg</path>
	<source>
		<database>roboflow.ai</database>
	</source>
	<size>
		<width>416</width>
		<height>416</height>
		<depth>3</depth>
	</size>
	<segmented>0</segmented>
	<object>
		<name>with_mask</name>
		<pose>Unspecified</pose>
		<truncated>0</truncated>
		<difficult>0</difficult>
		<occluded>0</occluded>
		<bndbox>
			<xmin>109</xmin>
			<xmax>177</xmax>
			<ymin>32</ymin>
			<ymax>133</ymax>
		</bndbox>
	</object>
</annotation>
