<annotation>
	<folder></folder>
	<filename>maksssksksss44_png.rf.ecbedd8f0a300a37c534ccd4249ac693.jpg</filename>
	<path>maksssksksss44_png.rf.ecbedd8f0a300a37c534ccd4249ac693.jpg</path>
	<source>
		<database>roboflow.ai</database>
	</source>
	<size>
		<width>416</width>
		<height>416</height>
		<depth>3</depth>
	</size>
	<segmented>0</segmented>
	<object>
		<name>with_mask</name>
		<pose>Unspecified</pose>
		<truncated>0</truncated>
		<difficult>0</difficult>
		<occluded>0</occluded>
		<bndbox>
			<xmin>45</xmin>
			<xmax>83</xmax>
			<ymin>255</ymin>
			<ymax>334</ymax>
		</bndbox>
	</object>
	<object>
		<name>with_mask</name>
		<pose>Unspecified</pose>
		<truncated>0</truncated>
		<difficult>0</difficult>
		<occluded>0</occluded>
		<bndbox>
			<xmin>146</xmin>
			<xmax>196</xmax>
			<ymin>171</ymin>
			<ymax>272</ymax>
		</bndbox>
	</object>
	<object>
		<name>with_mask</name>
		<pose>Unspecified</pose>
		<truncated>0</truncated>
		<difficult>0</difficult>
		<occluded>0</occluded>
		<bndbox>
			<xmin>271</xmin>
			<xmax>334</xmax>
			<ymin>86</ymin>
			<ymax>220</ymax>
		</bndbox>
	</object>
	<object>
		<name>without_mask</name>
		<pose>Unspecified</pose>
		<truncated>0</truncated>
		<difficult>0</difficult>
		<occluded>0</occluded>
		<bndbox>
			<xmin>345</xmin>
			<xmax>410</xmax>
			<ymin>21</ymin>
			<ymax>165</ymax>
		</bndbox>
	</object>
</annotation>
