<annotation>
	<folder></folder>
	<filename>maksssksksss392_png.rf.a03b50482040ce4d758554a1dade8444.jpg</filename>
	<path>maksssksksss392_png.rf.a03b50482040ce4d758554a1dade8444.jpg</path>
	<source>
		<database>roboflow.ai</database>
	</source>
	<size>
		<width>416</width>
		<height>416</height>
		<depth>3</depth>
	</size>
	<segmented>0</segmented>
	<object>
		<name>with_mask</name>
		<pose>Unspecified</pose>
		<truncated>0</truncated>
		<difficult>0</difficult>
		<occluded>0</occluded>
		<bndbox>
			<xmin>175</xmin>
			<xmax>304</xmax>
			<ymin>114</ymin>
			<ymax>316</ymax>
		</bndbox>
	</object>
</annotation>
