<annotation>
	<folder></folder>
	<filename>maksssksksss506_png.rf.99855087431c844b9ca0c01babe7b722.jpg</filename>
	<path>maksssksksss506_png.rf.99855087431c844b9ca0c01babe7b722.jpg</path>
	<source>
		<database>roboflow.ai</database>
	</source>
	<size>
		<width>416</width>
		<height>416</height>
		<depth>3</depth>
	</size>
	<segmented>0</segmented>
	<object>
		<name>with_mask</name>
		<pose>Unspecified</pose>
		<truncated>0</truncated>
		<difficult>0</difficult>
		<occluded>0</occluded>
		<bndbox>
			<xmin>66</xmin>
			<xmax>226</xmax>
			<ymin>66</ymin>
			<ymax>224</ymax>
		</bndbox>
	</object>
</annotation>
