<annotation>
	<folder></folder>
	<filename>maksssksksss306_png.rf.c0d367225ef64c1ad65b7bb0425447f4.jpg</filename>
	<path>maksssksksss306_png.rf.c0d367225ef64c1ad65b7bb0425447f4.jpg</path>
	<source>
		<database>roboflow.ai</database>
	</source>
	<size>
		<width>416</width>
		<height>416</height>
		<depth>3</depth>
	</size>
	<segmented>0</segmented>
	<object>
		<name>with_mask</name>
		<pose>Unspecified</pose>
		<truncated>0</truncated>
		<difficult>0</difficult>
		<occluded>0</occluded>
		<bndbox>
			<xmin>197</xmin>
			<xmax>351</xmax>
			<ymin>188</ymin>
			<ymax>334</ymax>
		</bndbox>
	</object>
</annotation>
