<annotation>
	<folder></folder>
	<filename>maksssksksss403_png.rf.d538e18f36b2b07f9f12eec3ef473b4e.jpg</filename>
	<path>maksssksksss403_png.rf.d538e18f36b2b07f9f12eec3ef473b4e.jpg</path>
	<source>
		<database>roboflow.ai</database>
	</source>
	<size>
		<width>416</width>
		<height>416</height>
		<depth>3</depth>
	</size>
	<segmented>0</segmented>
	<object>
		<name>with_mask</name>
		<pose>Unspecified</pose>
		<truncated>0</truncated>
		<difficult>0</difficult>
		<occluded>0</occluded>
		<bndbox>
			<xmin>132</xmin>
			<xmax>275</xmax>
			<ymin>235</ymin>
			<ymax>364</ymax>
		</bndbox>
	</object>
</annotation>
