<annotation>
	<folder></folder>
	<filename>maksssksksss375_png.rf.1722f10214a9bae651549c8632737c0c.jpg</filename>
	<path>maksssksksss375_png.rf.1722f10214a9bae651549c8632737c0c.jpg</path>
	<source>
		<database>roboflow.ai</database>
	</source>
	<size>
		<width>416</width>
		<height>416</height>
		<depth>3</depth>
	</size>
	<segmented>0</segmented>
	<object>
		<name>without_mask</name>
		<pose>Unspecified</pose>
		<truncated>0</truncated>
		<difficult>0</difficult>
		<occluded>0</occluded>
		<bndbox>
			<xmin>269</xmin>
			<xmax>288</xmax>
			<ymin>102</ymin>
			<ymax>126</ymax>
		</bndbox>
	</object>
	<object>
		<name>without_mask</name>
		<pose>Unspecified</pose>
		<truncated>0</truncated>
		<difficult>0</difficult>
		<occluded>0</occluded>
		<bndbox>
			<xmin>284</xmin>
			<xmax>300</xmax>
			<ymin>258</ymin>
			<ymax>282</ymax>
		</bndbox>
	</object>
</annotation>
