<annotation>
	<folder></folder>
	<filename>maksssksksss455_png.rf.d21f04a27863f96462eb36abdb2a3e73.jpg</filename>
	<path>maksssksksss455_png.rf.d21f04a27863f96462eb36abdb2a3e73.jpg</path>
	<source>
		<database>roboflow.ai</database>
	</source>
	<size>
		<width>416</width>
		<height>416</height>
		<depth>3</depth>
	</size>
	<segmented>0</segmented>
	<object>
		<name>without_mask</name>
		<pose>Unspecified</pose>
		<truncated>0</truncated>
		<difficult>0</difficult>
		<occluded>0</occluded>
		<bndbox>
			<xmin>159</xmin>
			<xmax>311</xmax>
			<ymin>231</ymin>
			<ymax>388</ymax>
		</bndbox>
	</object>
</annotation>
