<annotation>
	<folder></folder>
	<filename>maksssksksss433_png.rf.139d5f8c0e4ffde126d19590fdcdbcdc.jpg</filename>
	<path>maksssksksss433_png.rf.139d5f8c0e4ffde126d19590fdcdbcdc.jpg</path>
	<source>
		<database>roboflow.ai</database>
	</source>
	<size>
		<width>416</width>
		<height>416</height>
		<depth>3</depth>
	</size>
	<segmented>0</segmented>
	<object>
		<name>with_mask</name>
		<pose>Unspecified</pose>
		<truncated>0</truncated>
		<difficult>0</difficult>
		<occluded>0</occluded>
		<bndbox>
			<xmin>182</xmin>
			<xmax>306</xmax>
			<ymin>198</ymin>
			<ymax>336</ymax>
		</bndbox>
	</object>
</annotation>
