<annotation>
	<folder></folder>
	<filename>maksssksksss274_png.rf.c4bdd6ff31c9c1cfd68ba4ff870d8a92.jpg</filename>
	<path>maksssksksss274_png.rf.c4bdd6ff31c9c1cfd68ba4ff870d8a92.jpg</path>
	<source>
		<database>roboflow.ai</database>
	</source>
	<size>
		<width>416</width>
		<height>416</height>
		<depth>3</depth>
	</size>
	<segmented>0</segmented>
	<object>
		<name>with_mask</name>
		<pose>Unspecified</pose>
		<truncated>0</truncated>
		<difficult>0</difficult>
		<occluded>0</occluded>
		<bndbox>
			<xmin>239</xmin>
			<xmax>318</xmax>
			<ymin>110</ymin>
			<ymax>237</ymax>
		</bndbox>
	</object>
</annotation>
