<annotation>
	<folder></folder>
	<filename>maksssksksss48_png.rf.f693e8fb9b7d66fb73dd20d8a6d8d335.jpg</filename>
	<path>maksssksksss48_png.rf.f693e8fb9b7d66fb73dd20d8a6d8d335.jpg</path>
	<source>
		<database>roboflow.ai</database>
	</source>
	<size>
		<width>416</width>
		<height>416</height>
		<depth>3</depth>
	</size>
	<segmented>0</segmented>
	<object>
		<name>without_mask</name>
		<pose>Unspecified</pose>
		<truncated>0</truncated>
		<difficult>0</difficult>
		<occluded>0</occluded>
		<bndbox>
			<xmin>117</xmin>
			<xmax>262</xmax>
			<ymin>158</ymin>
			<ymax>290</ymax>
		</bndbox>
	</object>
</annotation>
