<annotation>
	<folder></folder>
	<filename>maksssksksss122_png.rf.437ef0698ee48a3a5986eb459ce0a01c.jpg</filename>
	<path>maksssksksss122_png.rf.437ef0698ee48a3a5986eb459ce0a01c.jpg</path>
	<source>
		<database>roboflow.ai</database>
	</source>
	<size>
		<width>416</width>
		<height>416</height>
		<depth>3</depth>
	</size>
	<segmented>0</segmented>
	<object>
		<name>with_mask</name>
		<pose>Unspecified</pose>
		<truncated>0</truncated>
		<difficult>0</difficult>
		<occluded>0</occluded>
		<bndbox>
			<xmin>209</xmin>
			<xmax>359</xmax>
			<ymin>59</ymin>
			<ymax>331</ymax>
		</bndbox>
	</object>
</annotation>
