<annotation>
	<folder></folder>
	<filename>maksssksksss276_png.rf.b8320483896bff3aef93b472caaa98c9.jpg</filename>
	<path>maksssksksss276_png.rf.b8320483896bff3aef93b472caaa98c9.jpg</path>
	<source>
		<database>roboflow.ai</database>
	</source>
	<size>
		<width>416</width>
		<height>416</height>
		<depth>3</depth>
	</size>
	<segmented>0</segmented>
	<object>
		<name>mask_weared_incorrect</name>
		<pose>Unspecified</pose>
		<truncated>0</truncated>
		<difficult>0</difficult>
		<occluded>0</occluded>
		<bndbox>
			<xmin>157</xmin>
			<xmax>286</xmax>
			<ymin>40</ymin>
			<ymax>167</ymax>
		</bndbox>
	</object>
	<object>
		<name>without_mask</name>
		<pose>Unspecified</pose>
		<truncated>0</truncated>
		<difficult>0</difficult>
		<occluded>0</occluded>
		<bndbox>
			<xmin>353</xmin>
			<xmax>399</xmax>
			<ymin>117</ymin>
			<ymax>159</ymax>
		</bndbox>
	</object>
</annotation>
