<annotation>
	<folder></folder>
	<filename>maksssksksss57_png.rf.56e9b5efe5e5c09c3c1bacf9a0c073ff.jpg</filename>
	<path>maksssksksss57_png.rf.56e9b5efe5e5c09c3c1bacf9a0c073ff.jpg</path>
	<source>
		<database>roboflow.ai</database>
	</source>
	<size>
		<width>416</width>
		<height>416</height>
		<depth>3</depth>
	</size>
	<segmented>0</segmented>
	<object>
		<name>with_mask</name>
		<pose>Unspecified</pose>
		<truncated>0</truncated>
		<difficult>0</difficult>
		<occluded>0</occluded>
		<bndbox>
			<xmin>139</xmin>
			<xmax>224</xmax>
			<ymin>261</ymin>
			<ymax>369</ymax>
		</bndbox>
	</object>
</annotation>
