<annotation>
	<folder></folder>
	<filename>maksssksksss466_png.rf.9a10e5472625f3d0d1949d27c17b4006.jpg</filename>
	<path>maksssksksss466_png.rf.9a10e5472625f3d0d1949d27c17b4006.jpg</path>
	<source>
		<database>roboflow.ai</database>
	</source>
	<size>
		<width>416</width>
		<height>416</height>
		<depth>3</depth>
	</size>
	<segmented>0</segmented>
	<object>
		<name>with_mask</name>
		<pose>Unspecified</pose>
		<truncated>0</truncated>
		<difficult>0</difficult>
		<occluded>0</occluded>
		<bndbox>
			<xmin>11</xmin>
			<xmax>55</xmax>
			<ymin>138</ymin>
			<ymax>232</ymax>
		</bndbox>
	</object>
	<object>
		<name>with_mask</name>
		<pose>Unspecified</pose>
		<truncated>0</truncated>
		<difficult>0</difficult>
		<occluded>0</occluded>
		<bndbox>
			<xmin>74</xmin>
			<xmax>127</xmax>
			<ymin>93</ymin>
			<ymax>172</ymax>
		</bndbox>
	</object>
	<object>
		<name>with_mask</name>
		<pose>Unspecified</pose>
		<truncated>0</truncated>
		<difficult>0</difficult>
		<occluded>0</occluded>
		<bndbox>
			<xmin>148</xmin>
			<xmax>205</xmax>
			<ymin>182</ymin>
			<ymax>260</ymax>
		</bndbox>
	</object>
	<object>
		<name>with_mask</name>
		<pose>Unspecified</pose>
		<truncated>0</truncated>
		<difficult>0</difficult>
		<occluded>0</occluded>
		<bndbox>
			<xmin>276</xmin>
			<xmax>323</xmax>
			<ymin>82</ymin>
			<ymax>161</ymax>
		</bndbox>
	</object>
</annotation>
