<annotation>
	<folder></folder>
	<filename>maksssksksss0_png.rf.1424f12e2a9483e85f6527bfac1ae44d.jpg</filename>
	<path>maksssksksss0_png.rf.1424f12e2a9483e85f6527bfac1ae44d.jpg</path>
	<source>
		<database>roboflow.ai</database>
	</source>
	<size>
		<width>416</width>
		<height>416</height>
		<depth>3</depth>
	</size>
	<segmented>0</segmented>
	<object>
		<name>without_mask</name>
		<pose>Unspecified</pose>
		<truncated>0</truncated>
		<difficult>0</difficult>
		<occluded>0</occluded>
		<bndbox>
			<xmin>64</xmin>
			<xmax>89</xmax>
			<ymin>119</ymin>
			<ymax>161</ymax>
		</bndbox>
	</object>
	<object>
		<name>with_mask</name>
		<pose>Unspecified</pose>
		<truncated>0</truncated>
		<difficult>0</difficult>
		<occluded>0</occluded>
		<bndbox>
			<xmin>150</xmin>
			<xmax>184</xmax>
			<ymin>114</ymin>
			<ymax>164</ymax>
		</bndbox>
	</object>
	<object>
		<name>without_mask</name>
		<pose>Unspecified</pose>
		<truncated>0</truncated>
		<difficult>0</difficult>
		<occluded>0</occluded>
		<bndbox>
			<xmin>264</xmin>
			<xmax>293</xmax>
			<ymin>102</ymin>
			<ymax>160</ymax>
		</bndbox>
	</object>
</annotation>
