<annotation>
	<folder></folder>
	<filename>maksssksksss211_png.rf.dfc8766c6c21f5c0c9ab726c858f00ea.jpg</filename>
	<path>maksssksksss211_png.rf.dfc8766c6c21f5c0c9ab726c858f00ea.jpg</path>
	<source>
		<database>roboflow.ai</database>
	</source>
	<size>
		<width>416</width>
		<height>416</height>
		<depth>3</depth>
	</size>
	<segmented>0</segmented>
	<object>
		<name>with_mask</name>
		<pose>Unspecified</pose>
		<truncated>0</truncated>
		<difficult>0</difficult>
		<occluded>0</occluded>
		<bndbox>
			<xmin>150</xmin>
			<xmax>287</xmax>
			<ymin>113</ymin>
			<ymax>250</ymax>
		</bndbox>
	</object>
</annotation>
