<annotation>
	<folder></folder>
	<filename>maksssksksss162_png.rf.39215d06921d84c56059765e90d498d8.jpg</filename>
	<path>maksssksksss162_png.rf.39215d06921d84c56059765e90d498d8.jpg</path>
	<source>
		<database>roboflow.ai</database>
	</source>
	<size>
		<width>416</width>
		<height>416</height>
		<depth>3</depth>
	</size>
	<segmented>0</segmented>
	<object>
		<name>with_mask</name>
		<pose>Unspecified</pose>
		<truncated>0</truncated>
		<difficult>0</difficult>
		<occluded>0</occluded>
		<bndbox>
			<xmin>119</xmin>
			<xmax>264</xmax>
			<ymin>188</ymin>
			<ymax>320</ymax>
		</bndbox>
	</object>
</annotation>
