<annotation>
	<folder></folder>
	<filename>maksssksksss14_png.rf.f5436ff6fb272a53754e78d696348a04.jpg</filename>
	<path>maksssksksss14_png.rf.f5436ff6fb272a53754e78d696348a04.jpg</path>
	<source>
		<database>roboflow.ai</database>
	</source>
	<size>
		<width>416</width>
		<height>416</height>
		<depth>3</depth>
	</size>
	<segmented>0</segmented>
	<object>
		<name>without_mask</name>
		<pose>Unspecified</pose>
		<truncated>0</truncated>
		<difficult>0</difficult>
		<occluded>0</occluded>
		<bndbox>
			<xmin>210</xmin>
			<xmax>330</xmax>
			<ymin>200</ymin>
			<ymax>332</ymax>
		</bndbox>
	</object>
</annotation>
