<annotation>
	<folder></folder>
	<filename>maksssksksss469_png.rf.8198ae8b6762b187b46b7c84ac2b18ac.jpg</filename>
	<path>maksssksksss469_png.rf.8198ae8b6762b187b46b7c84ac2b18ac.jpg</path>
	<source>
		<database>roboflow.ai</database>
	</source>
	<size>
		<width>416</width>
		<height>416</height>
		<depth>3</depth>
	</size>
	<segmented>0</segmented>
	<object>
		<name>with_mask</name>
		<pose>Unspecified</pose>
		<truncated>0</truncated>
		<difficult>0</difficult>
		<occluded>0</occluded>
		<bndbox>
			<xmin>173</xmin>
			<xmax>253</xmax>
			<ymin>139</ymin>
			<ymax>244</ymax>
		</bndbox>
	</object>
	<object>
		<name>with_mask</name>
		<pose>Unspecified</pose>
		<truncated>0</truncated>
		<difficult>0</difficult>
		<occluded>0</occluded>
		<bndbox>
			<xmin>264</xmin>
			<xmax>328</xmax>
			<ymin>174</ymin>
			<ymax>240</ymax>
		</bndbox>
	</object>
</annotation>
