<annotation>
	<folder></folder>
	<filename>maksssksksss528_png.rf.f27418f4cff348b5d05a79c1bfcce8af.jpg</filename>
	<path>maksssksksss528_png.rf.f27418f4cff348b5d05a79c1bfcce8af.jpg</path>
	<source>
		<database>roboflow.ai</database>
	</source>
	<size>
		<width>416</width>
		<height>416</height>
		<depth>3</depth>
	</size>
	<segmented>0</segmented>
	<object>
		<name>without_mask</name>
		<pose>Unspecified</pose>
		<truncated>0</truncated>
		<difficult>0</difficult>
		<occluded>0</occluded>
		<bndbox>
			<xmin>59</xmin>
			<xmax>206</xmax>
			<ymin>176</ymin>
			<ymax>320</ymax>
		</bndbox>
	</object>
</annotation>
