<annotation>
	<folder></folder>
	<filename>maksssksksss355_png.rf.d33194bf18ee4573967408c9c0061265.jpg</filename>
	<path>maksssksksss355_png.rf.d33194bf18ee4573967408c9c0061265.jpg</path>
	<source>
		<database>roboflow.ai</database>
	</source>
	<size>
		<width>416</width>
		<height>416</height>
		<depth>3</depth>
	</size>
	<segmented>0</segmented>
	<object>
		<name>with_mask</name>
		<pose>Unspecified</pose>
		<truncated>0</truncated>
		<difficult>0</difficult>
		<occluded>0</occluded>
		<bndbox>
			<xmin>142</xmin>
			<xmax>250</xmax>
			<ymin>240</ymin>
			<ymax>352</ymax>
		</bndbox>
	</object>
</annotation>
