<annotation>
	<folder></folder>
	<filename>maksssksksss307_png.rf.f5a6f4ded612119a361322a3a0a06d69.jpg</filename>
	<path>maksssksksss307_png.rf.f5a6f4ded612119a361322a3a0a06d69.jpg</path>
	<source>
		<database>roboflow.ai</database>
	</source>
	<size>
		<width>416</width>
		<height>416</height>
		<depth>3</depth>
	</size>
	<segmented>0</segmented>
	<object>
		<name>mask_weared_incorrect</name>
		<pose>Unspecified</pose>
		<truncated>0</truncated>
		<difficult>0</difficult>
		<occluded>0</occluded>
		<bndbox>
			<xmin>3</xmin>
			<xmax>100</xmax>
			<ymin>119</ymin>
			<ymax>299</ymax>
		</bndbox>
	</object>
	<object>
		<name>with_mask</name>
		<pose>Unspecified</pose>
		<truncated>0</truncated>
		<difficult>0</difficult>
		<occluded>0</occluded>
		<bndbox>
			<xmin>152</xmin>
			<xmax>259</xmax>
			<ymin>51</ymin>
			<ymax>257</ymax>
		</bndbox>
	</object>
	<object>
		<name>without_mask</name>
		<pose>Unspecified</pose>
		<truncated>0</truncated>
		<difficult>0</difficult>
		<occluded>0</occluded>
		<bndbox>
			<xmin>299</xmin>
			<xmax>357</xmax>
			<ymin>331</ymin>
			<ymax>414</ymax>
		</bndbox>
	</object>
</annotation>
