<annotation>
	<folder></folder>
	<filename>maksssksksss436_png.rf.752ca60fbcc252a7171a2273dc784c0d.jpg</filename>
	<path>maksssksksss436_png.rf.752ca60fbcc252a7171a2273dc784c0d.jpg</path>
	<source>
		<database>roboflow.ai</database>
	</source>
	<size>
		<width>416</width>
		<height>416</height>
		<depth>3</depth>
	</size>
	<segmented>0</segmented>
	<object>
		<name>with_mask</name>
		<pose>Unspecified</pose>
		<truncated>0</truncated>
		<difficult>0</difficult>
		<occluded>0</occluded>
		<bndbox>
			<xmin>109</xmin>
			<xmax>174</xmax>
			<ymin>181</ymin>
			<ymax>235</ymax>
		</bndbox>
	</object>
	<object>
		<name>with_mask</name>
		<pose>Unspecified</pose>
		<truncated>0</truncated>
		<difficult>0</difficult>
		<occluded>0</occluded>
		<bndbox>
			<xmin>285</xmin>
			<xmax>359</xmax>
			<ymin>125</ymin>
			<ymax>185</ymax>
		</bndbox>
	</object>
</annotation>
