<annotation>
	<folder></folder>
	<filename>maksssksksss569_png.rf.1d1415058dfe72aef37b84df5d4d5036.jpg</filename>
	<path>maksssksksss569_png.rf.1d1415058dfe72aef37b84df5d4d5036.jpg</path>
	<source>
		<database>roboflow.ai</database>
	</source>
	<size>
		<width>416</width>
		<height>416</height>
		<depth>3</depth>
	</size>
	<segmented>0</segmented>
	<object>
		<name>with_mask</name>
		<pose>Unspecified</pose>
		<truncated>0</truncated>
		<difficult>0</difficult>
		<occluded>0</occluded>
		<bndbox>
			<xmin>167</xmin>
			<xmax>205</xmax>
			<ymin>178</ymin>
			<ymax>273</ymax>
		</bndbox>
	</object>
</annotation>
