<annotation>
	<folder></folder>
	<filename>maksssksksss16_png.rf.5317650a5069ed209769ec6cc7058ea3.jpg</filename>
	<path>maksssksksss16_png.rf.5317650a5069ed209769ec6cc7058ea3.jpg</path>
	<source>
		<database>roboflow.ai</database>
	</source>
	<size>
		<width>416</width>
		<height>416</height>
		<depth>3</depth>
	</size>
	<segmented>0</segmented>
	<object>
		<name>with_mask</name>
		<pose>Unspecified</pose>
		<truncated>0</truncated>
		<difficult>0</difficult>
		<occluded>0</occluded>
		<bndbox>
			<xmin>66</xmin>
			<xmax>201</xmax>
			<ymin>236</ymin>
			<ymax>359</ymax>
		</bndbox>
	</object>
</annotation>
