<annotation>
	<folder></folder>
	<filename>maksssksksss378_png.rf.f45288e87b32128e372a08073663d5f2.jpg</filename>
	<path>maksssksksss378_png.rf.f45288e87b32128e372a08073663d5f2.jpg</path>
	<source>
		<database>roboflow.ai</database>
	</source>
	<size>
		<width>416</width>
		<height>416</height>
		<depth>3</depth>
	</size>
	<segmented>0</segmented>
	<object>
		<name>with_mask</name>
		<pose>Unspecified</pose>
		<truncated>0</truncated>
		<difficult>0</difficult>
		<occluded>0</occluded>
		<bndbox>
			<xmin>117</xmin>
			<xmax>165</xmax>
			<ymin>198</ymin>
			<ymax>291</ymax>
		</bndbox>
	</object>
	<object>
		<name>with_mask</name>
		<pose>Unspecified</pose>
		<truncated>0</truncated>
		<difficult>0</difficult>
		<occluded>0</occluded>
		<bndbox>
			<xmin>247</xmin>
			<xmax>297</xmax>
			<ymin>134</ymin>
			<ymax>227</ymax>
		</bndbox>
	</object>
</annotation>
