<annotation>
	<folder></folder>
	<filename>maksssksksss407_png.rf.cf56494c91f0745990ba7027f26cdf2b.jpg</filename>
	<path>maksssksksss407_png.rf.cf56494c91f0745990ba7027f26cdf2b.jpg</path>
	<source>
		<database>roboflow.ai</database>
	</source>
	<size>
		<width>416</width>
		<height>416</height>
		<depth>3</depth>
	</size>
	<segmented>0</segmented>
	<object>
		<name>with_mask</name>
		<pose>Unspecified</pose>
		<truncated>0</truncated>
		<difficult>0</difficult>
		<occluded>0</occluded>
		<bndbox>
			<xmin>141</xmin>
			<xmax>279</xmax>
			<ymin>212</ymin>
			<ymax>344</ymax>
		</bndbox>
	</object>
</annotation>
