<annotation>
	<folder></folder>
	<filename>maksssksksss193_png.rf.fd13b3dc361662baf49ea3d1289be52d.jpg</filename>
	<path>maksssksksss193_png.rf.fd13b3dc361662baf49ea3d1289be52d.jpg</path>
	<source>
		<database>roboflow.ai</database>
	</source>
	<size>
		<width>416</width>
		<height>416</height>
		<depth>3</depth>
	</size>
	<segmented>0</segmented>
	<object>
		<name>with_mask</name>
		<pose>Unspecified</pose>
		<truncated>0</truncated>
		<difficult>0</difficult>
		<occluded>0</occluded>
		<bndbox>
			<xmin>18</xmin>
			<xmax>134</xmax>
			<ymin>182</ymin>
			<ymax>264</ymax>
		</bndbox>
	</object>
	<object>
		<name>with_mask</name>
		<pose>Unspecified</pose>
		<truncated>0</truncated>
		<difficult>0</difficult>
		<occluded>0</occluded>
		<bndbox>
			<xmin>184</xmin>
			<xmax>357</xmax>
			<ymin>58</ymin>
			<ymax>179</ymax>
		</bndbox>
	</object>
</annotation>
