<annotation>
	<folder></folder>
	<filename>maksssksksss302_png.rf.6d37987b9760d32cb8570f210ab07036.jpg</filename>
	<path>maksssksksss302_png.rf.6d37987b9760d32cb8570f210ab07036.jpg</path>
	<source>
		<database>roboflow.ai</database>
	</source>
	<size>
		<width>416</width>
		<height>416</height>
		<depth>3</depth>
	</size>
	<segmented>0</segmented>
	<object>
		<name>with_mask</name>
		<pose>Unspecified</pose>
		<truncated>0</truncated>
		<difficult>0</difficult>
		<occluded>0</occluded>
		<bndbox>
			<xmin>207</xmin>
			<xmax>252</xmax>
			<ymin>228</ymin>
			<ymax>311</ymax>
		</bndbox>
	</object>
	<object>
		<name>with_mask</name>
		<pose>Unspecified</pose>
		<truncated>0</truncated>
		<difficult>0</difficult>
		<occluded>0</occluded>
		<bndbox>
			<xmin>155</xmin>
			<xmax>197</xmax>
			<ymin>51</ymin>
			<ymax>154</ymax>
		</bndbox>
	</object>
	<object>
		<name>without_mask</name>
		<pose>Unspecified</pose>
		<truncated>0</truncated>
		<difficult>0</difficult>
		<occluded>0</occluded>
		<bndbox>
			<xmin>277</xmin>
			<xmax>289</xmax>
			<ymin>95</ymin>
			<ymax>126</ymax>
		</bndbox>
	</object>
</annotation>
