<annotation>
	<folder></folder>
	<filename>maksssksksss546_png.rf.fa6ea39dc76ce66538df961f0a6f54bd.jpg</filename>
	<path>maksssksksss546_png.rf.fa6ea39dc76ce66538df961f0a6f54bd.jpg</path>
	<source>
		<database>roboflow.ai</database>
	</source>
	<size>
		<width>416</width>
		<height>416</height>
		<depth>3</depth>
	</size>
	<segmented>0</segmented>
	<object>
		<name>with_mask</name>
		<pose>Unspecified</pose>
		<truncated>0</truncated>
		<difficult>0</difficult>
		<occluded>0</occluded>
		<bndbox>
			<xmin>37</xmin>
			<xmax>193</xmax>
			<ymin>184</ymin>
			<ymax>323</ymax>
		</bndbox>
	</object>
</annotation>
