<annotation>
	<folder></folder>
	<filename>maksssksksss452_png.rf.d09932f5e232b5c17ddb793d44943e14.jpg</filename>
	<path>maksssksksss452_png.rf.d09932f5e232b5c17ddb793d44943e14.jpg</path>
	<source>
		<database>roboflow.ai</database>
	</source>
	<size>
		<width>416</width>
		<height>416</height>
		<depth>3</depth>
	</size>
	<segmented>0</segmented>
	<object>
		<name>with_mask</name>
		<pose>Unspecified</pose>
		<truncated>0</truncated>
		<difficult>0</difficult>
		<occluded>0</occluded>
		<bndbox>
			<xmin>40</xmin>
			<xmax>76</xmax>
			<ymin>76</ymin>
			<ymax>133</ymax>
		</bndbox>
	</object>
	<object>
		<name>with_mask</name>
		<pose>Unspecified</pose>
		<truncated>0</truncated>
		<difficult>0</difficult>
		<occluded>0</occluded>
		<bndbox>
			<xmin>134</xmin>
			<xmax>162</xmax>
			<ymin>95</ymin>
			<ymax>138</ymax>
		</bndbox>
	</object>
	<object>
		<name>with_mask</name>
		<pose>Unspecified</pose>
		<truncated>0</truncated>
		<difficult>0</difficult>
		<occluded>0</occluded>
		<bndbox>
			<xmin>283</xmin>
			<xmax>314</xmax>
			<ymin>114</ymin>
			<ymax>160</ymax>
		</bndbox>
	</object>
</annotation>
