<annotation>
	<folder></folder>
	<filename>maksssksksss406_png.rf.483d1e9b3a7d26ef59ad761a6717bc57.jpg</filename>
	<path>maksssksksss406_png.rf.483d1e9b3a7d26ef59ad761a6717bc57.jpg</path>
	<source>
		<database>roboflow.ai</database>
	</source>
	<size>
		<width>416</width>
		<height>416</height>
		<depth>3</depth>
	</size>
	<segmented>0</segmented>
	<object>
		<name>mask_weared_incorrect</name>
		<pose>Unspecified</pose>
		<truncated>0</truncated>
		<difficult>0</difficult>
		<occluded>0</occluded>
		<bndbox>
			<xmin>178</xmin>
			<xmax>248</xmax>
			<ymin>136</ymin>
			<ymax>284</ymax>
		</bndbox>
	</object>
</annotation>
