<annotation>
	<folder></folder>
	<filename>maksssksksss412_png.rf.e19582c3af59dd74c91980e0c82f4a9b.jpg</filename>
	<path>maksssksksss412_png.rf.e19582c3af59dd74c91980e0c82f4a9b.jpg</path>
	<source>
		<database>roboflow.ai</database>
	</source>
	<size>
		<width>416</width>
		<height>416</height>
		<depth>3</depth>
	</size>
	<segmented>0</segmented>
	<object>
		<name>with_mask</name>
		<pose>Unspecified</pose>
		<truncated>0</truncated>
		<difficult>0</difficult>
		<occluded>0</occluded>
		<bndbox>
			<xmin>198</xmin>
			<xmax>278</xmax>
			<ymin>104</ymin>
			<ymax>193</ymax>
		</bndbox>
	</object>
	<object>
		<name>with_mask</name>
		<pose>Unspecified</pose>
		<truncated>0</truncated>
		<difficult>0</difficult>
		<occluded>0</occluded>
		<bndbox>
			<xmin>330</xmin>
			<xmax>407</xmax>
			<ymin>206</ymin>
			<ymax>285</ymax>
		</bndbox>
	</object>
</annotation>
