<annotation>
	<folder></folder>
	<filename>maksssksksss357_png.rf.e8d860db8e3fea18640721bf23668e20.jpg</filename>
	<path>maksssksksss357_png.rf.e8d860db8e3fea18640721bf23668e20.jpg</path>
	<source>
		<database>roboflow.ai</database>
	</source>
	<size>
		<width>416</width>
		<height>416</height>
		<depth>3</depth>
	</size>
	<segmented>0</segmented>
	<object>
		<name>with_mask</name>
		<pose>Unspecified</pose>
		<truncated>0</truncated>
		<difficult>0</difficult>
		<occluded>0</occluded>
		<bndbox>
			<xmin>228</xmin>
			<xmax>274</xmax>
			<ymin>61</ymin>
			<ymax>150</ymax>
		</bndbox>
	</object>
</annotation>
