<annotation>
	<folder></folder>
	<filename>maksssksksss562_png.rf.ae3470d84a32fef37655799a14595c14.jpg</filename>
	<path>maksssksksss562_png.rf.ae3470d84a32fef37655799a14595c14.jpg</path>
	<source>
		<database>roboflow.ai</database>
	</source>
	<size>
		<width>416</width>
		<height>416</height>
		<depth>3</depth>
	</size>
	<segmented>0</segmented>
	<object>
		<name>mask_weared_incorrect</name>
		<pose>Unspecified</pose>
		<truncated>0</truncated>
		<difficult>0</difficult>
		<occluded>0</occluded>
		<bndbox>
			<xmin>170</xmin>
			<xmax>251</xmax>
			<ymin>160</ymin>
			<ymax>342</ymax>
		</bndbox>
	</object>
</annotation>
