<annotation>
	<folder></folder>
	<filename>maksssksksss491_png.rf.da4cddef494c7eff690e3a970517ac95.jpg</filename>
	<path>maksssksksss491_png.rf.da4cddef494c7eff690e3a970517ac95.jpg</path>
	<source>
		<database>roboflow.ai</database>
	</source>
	<size>
		<width>416</width>
		<height>416</height>
		<depth>3</depth>
	</size>
	<segmented>0</segmented>
	<object>
		<name>with_mask</name>
		<pose>Unspecified</pose>
		<truncated>0</truncated>
		<difficult>0</difficult>
		<occluded>0</occluded>
		<bndbox>
			<xmin>172</xmin>
			<xmax>304</xmax>
			<ymin>137</ymin>
			<ymax>275</ymax>
		</bndbox>
	</object>
</annotation>
