<annotation>
	<folder></folder>
	<filename>maksssksksss225_png.rf.640bc6c9c9c733b1b9dd90deaf83920a.jpg</filename>
	<path>maksssksksss225_png.rf.640bc6c9c9c733b1b9dd90deaf83920a.jpg</path>
	<source>
		<database>roboflow.ai</database>
	</source>
	<size>
		<width>416</width>
		<height>416</height>
		<depth>3</depth>
	</size>
	<segmented>0</segmented>
	<object>
		<name>with_mask</name>
		<pose>Unspecified</pose>
		<truncated>0</truncated>
		<difficult>0</difficult>
		<occluded>0</occluded>
		<bndbox>
			<xmin>160</xmin>
			<xmax>306</xmax>
			<ymin>215</ymin>
			<ymax>368</ymax>
		</bndbox>
	</object>
</annotation>
