<annotation>
	<folder></folder>
	<filename>maksssksksss467_png.rf.c6ae099db7acb182cb5adb172dafb364.jpg</filename>
	<path>maksssksksss467_png.rf.c6ae099db7acb182cb5adb172dafb364.jpg</path>
	<source>
		<database>roboflow.ai</database>
	</source>
	<size>
		<width>416</width>
		<height>416</height>
		<depth>3</depth>
	</size>
	<segmented>0</segmented>
	<object>
		<name>with_mask</name>
		<pose>Unspecified</pose>
		<truncated>0</truncated>
		<difficult>0</difficult>
		<occluded>0</occluded>
		<bndbox>
			<xmin>58</xmin>
			<xmax>102</xmax>
			<ymin>127</ymin>
			<ymax>182</ymax>
		</bndbox>
	</object>
	<object>
		<name>with_mask</name>
		<pose>Unspecified</pose>
		<truncated>0</truncated>
		<difficult>0</difficult>
		<occluded>0</occluded>
		<bndbox>
			<xmin>188</xmin>
			<xmax>224</xmax>
			<ymin>88</ymin>
			<ymax>136</ymax>
		</bndbox>
	</object>
	<object>
		<name>with_mask</name>
		<pose>Unspecified</pose>
		<truncated>0</truncated>
		<difficult>0</difficult>
		<occluded>0</occluded>
		<bndbox>
			<xmin>303</xmin>
			<xmax>331</xmax>
			<ymin>87</ymin>
			<ymax>130</ymax>
		</bndbox>
	</object>
	<object>
		<name>with_mask</name>
		<pose>Unspecified</pose>
		<truncated>0</truncated>
		<difficult>0</difficult>
		<occluded>0</occluded>
		<bndbox>
			<xmin>331</xmin>
			<xmax>362</xmax>
			<ymin>130</ymin>
			<ymax>172</ymax>
		</bndbox>
	</object>
	<object>
		<name>mask_weared_incorrect</name>
		<pose>Unspecified</pose>
		<truncated>0</truncated>
		<difficult>0</difficult>
		<occluded>0</occluded>
		<bndbox>
			<xmin>271</xmin>
			<xmax>289</xmax>
			<ymin>105</ymin>
			<ymax>138</ymax>
		</bndbox>
	</object>
	<object>
		<name>without_mask</name>
		<pose>Unspecified</pose>
		<truncated>0</truncated>
		<difficult>0</difficult>
		<occluded>0</occluded>
		<bndbox>
			<xmin>158</xmin>
			<xmax>178</xmax>
			<ymin>109</ymin>
			<ymax>140</ymax>
		</bndbox>
	</object>
</annotation>
