<annotation>
	<folder></folder>
	<filename>maksssksksss183_png.rf.ec35f74929a0f1b1d27089d1b80f7dbc.jpg</filename>
	<path>maksssksksss183_png.rf.ec35f74929a0f1b1d27089d1b80f7dbc.jpg</path>
	<source>
		<database>roboflow.ai</database>
	</source>
	<size>
		<width>416</width>
		<height>416</height>
		<depth>3</depth>
	</size>
	<segmented>0</segmented>
	<object>
		<name>with_mask</name>
		<pose>Unspecified</pose>
		<truncated>0</truncated>
		<difficult>0</difficult>
		<occluded>0</occluded>
		<bndbox>
			<xmin>165</xmin>
			<xmax>197</xmax>
			<ymin>116</ymin>
			<ymax>182</ymax>
		</bndbox>
	</object>
	<object>
		<name>with_mask</name>
		<pose>Unspecified</pose>
		<truncated>0</truncated>
		<difficult>0</difficult>
		<occluded>0</occluded>
		<bndbox>
			<xmin>206</xmin>
			<xmax>250</xmax>
			<ymin>103</ymin>
			<ymax>191</ymax>
		</bndbox>
	</object>
	<object>
		<name>without_mask</name>
		<pose>Unspecified</pose>
		<truncated>0</truncated>
		<difficult>0</difficult>
		<occluded>0</occluded>
		<bndbox>
			<xmin>387</xmin>
			<xmax>405</xmax>
			<ymin>199</ymin>
			<ymax>236</ymax>
		</bndbox>
	</object>
	<object>
		<name>without_mask</name>
		<pose>Unspecified</pose>
		<truncated>0</truncated>
		<difficult>0</difficult>
		<occluded>0</occluded>
		<bndbox>
			<xmin>36</xmin>
			<xmax>52</xmax>
			<ymin>201</ymin>
			<ymax>240</ymax>
		</bndbox>
	</object>
</annotation>
