<annotation>
	<folder></folder>
	<filename>maksssksksss140_png.rf.80681eda3ac17920efec0709836a6e01.jpg</filename>
	<path>maksssksksss140_png.rf.80681eda3ac17920efec0709836a6e01.jpg</path>
	<source>
		<database>roboflow.ai</database>
	</source>
	<size>
		<width>416</width>
		<height>416</height>
		<depth>3</depth>
	</size>
	<segmented>0</segmented>
	<object>
		<name>with_mask</name>
		<pose>Unspecified</pose>
		<truncated>0</truncated>
		<difficult>0</difficult>
		<occluded>0</occluded>
		<bndbox>
			<xmin>39</xmin>
			<xmax>196</xmax>
			<ymin>115</ymin>
			<ymax>384</ymax>
		</bndbox>
	</object>
	<object>
		<name>with_mask</name>
		<pose>Unspecified</pose>
		<truncated>0</truncated>
		<difficult>0</difficult>
		<occluded>0</occluded>
		<bndbox>
			<xmin>219</xmin>
			<xmax>350</xmax>
			<ymin>177</ymin>
			<ymax>397</ymax>
		</bndbox>
	</object>
</annotation>
