<annotation>
	<folder></folder>
	<filename>maksssksksss22_png.rf.97f1ebff4f74eb3d7c610f17e40a8f36.jpg</filename>
	<path>maksssksksss22_png.rf.97f1ebff4f74eb3d7c610f17e40a8f36.jpg</path>
	<source>
		<database>roboflow.ai</database>
	</source>
	<size>
		<width>416</width>
		<height>416</height>
		<depth>3</depth>
	</size>
	<segmented>0</segmented>
	<object>
		<name>with_mask</name>
		<pose>Unspecified</pose>
		<truncated>0</truncated>
		<difficult>0</difficult>
		<occluded>0</occluded>
		<bndbox>
			<xmin>190</xmin>
			<xmax>281</xmax>
			<ymin>156</ymin>
			<ymax>287</ymax>
		</bndbox>
	</object>
</annotation>
