<annotation>
	<folder></folder>
	<filename>maksssksksss107_png.rf.6be8b9899f31444071b87494f427b05f.jpg</filename>
	<path>maksssksksss107_png.rf.6be8b9899f31444071b87494f427b05f.jpg</path>
	<source>
		<database>roboflow.ai</database>
	</source>
	<size>
		<width>416</width>
		<height>416</height>
		<depth>3</depth>
	</size>
	<segmented>0</segmented>
	<object>
		<name>with_mask</name>
		<pose>Unspecified</pose>
		<truncated>0</truncated>
		<difficult>0</difficult>
		<occluded>0</occluded>
		<bndbox>
			<xmin>167</xmin>
			<xmax>293</xmax>
			<ymin>200</ymin>
			<ymax>325</ymax>
		</bndbox>
	</object>
</annotation>
