<annotation>
	<folder></folder>
	<filename>maksssksksss459_png.rf.e35415acce4d46bb4dbd66874bb8b90d.jpg</filename>
	<path>maksssksksss459_png.rf.e35415acce4d46bb4dbd66874bb8b90d.jpg</path>
	<source>
		<database>roboflow.ai</database>
	</source>
	<size>
		<width>416</width>
		<height>416</height>
		<depth>3</depth>
	</size>
	<segmented>0</segmented>
	<object>
		<name>with_mask</name>
		<pose>Unspecified</pose>
		<truncated>0</truncated>
		<difficult>0</difficult>
		<occluded>0</occluded>
		<bndbox>
			<xmin>84</xmin>
			<xmax>161</xmax>
			<ymin>70</ymin>
			<ymax>122</ymax>
		</bndbox>
	</object>
	<object>
		<name>mask_weared_incorrect</name>
		<pose>Unspecified</pose>
		<truncated>0</truncated>
		<difficult>0</difficult>
		<occluded>0</occluded>
		<bndbox>
			<xmin>258</xmin>
			<xmax>333</xmax>
			<ymin>80</ymin>
			<ymax>139</ymax>
		</bndbox>
	</object>
</annotation>
