<annotation>
	<folder></folder>
	<filename>maksssksksss606_png.rf.da7f2f3152acbe16b2b7844a26d4aac3.jpg</filename>
	<path>maksssksksss606_png.rf.da7f2f3152acbe16b2b7844a26d4aac3.jpg</path>
	<source>
		<database>roboflow.ai</database>
	</source>
	<size>
		<width>416</width>
		<height>416</height>
		<depth>3</depth>
	</size>
	<segmented>0</segmented>
	<object>
		<name>with_mask</name>
		<pose>Unspecified</pose>
		<truncated>0</truncated>
		<difficult>0</difficult>
		<occluded>0</occluded>
		<bndbox>
			<xmin>233</xmin>
			<xmax>266</xmax>
			<ymin>158</ymin>
			<ymax>210</ymax>
		</bndbox>
	</object>
	<object>
		<name>with_mask</name>
		<pose>Unspecified</pose>
		<truncated>0</truncated>
		<difficult>0</difficult>
		<occluded>0</occluded>
		<bndbox>
			<xmin>139</xmin>
			<xmax>165</xmax>
			<ymin>196</ymin>
			<ymax>232</ymax>
		</bndbox>
	</object>
</annotation>
