<annotation>
	<folder></folder>
	<filename>maksssksksss323_png.rf.0c32b44e9d8c58b4cf09a0e676b67b62.jpg</filename>
	<path>maksssksksss323_png.rf.0c32b44e9d8c58b4cf09a0e676b67b62.jpg</path>
	<source>
		<database>roboflow.ai</database>
	</source>
	<size>
		<width>416</width>
		<height>416</height>
		<depth>3</depth>
	</size>
	<segmented>0</segmented>
	<object>
		<name>with_mask</name>
		<pose>Unspecified</pose>
		<truncated>0</truncated>
		<difficult>0</difficult>
		<occluded>0</occluded>
		<bndbox>
			<xmin>335</xmin>
			<xmax>383</xmax>
			<ymin>284</ymin>
			<ymax>383</ymax>
		</bndbox>
	</object>
</annotation>
