<annotation>
	<folder></folder>
	<filename>maksssksksss353_png.rf.09e38f3f778e65799562dd2bef283185.jpg</filename>
	<path>maksssksksss353_png.rf.09e38f3f778e65799562dd2bef283185.jpg</path>
	<source>
		<database>roboflow.ai</database>
	</source>
	<size>
		<width>416</width>
		<height>416</height>
		<depth>3</depth>
	</size>
	<segmented>0</segmented>
	<object>
		<name>with_mask</name>
		<pose>Unspecified</pose>
		<truncated>0</truncated>
		<difficult>0</difficult>
		<occluded>0</occluded>
		<bndbox>
			<xmin>236</xmin>
			<xmax>276</xmax>
			<ymin>109</ymin>
			<ymax>173</ymax>
		</bndbox>
	</object>
</annotation>
