<annotation>
	<folder></folder>
	<filename>maksssksksss118_png.rf.e34345e24686a6c7d1fb87f9819b493e.jpg</filename>
	<path>maksssksksss118_png.rf.e34345e24686a6c7d1fb87f9819b493e.jpg</path>
	<source>
		<database>roboflow.ai</database>
	</source>
	<size>
		<width>416</width>
		<height>416</height>
		<depth>3</depth>
	</size>
	<segmented>0</segmented>
	<object>
		<name>with_mask</name>
		<pose>Unspecified</pose>
		<truncated>0</truncated>
		<difficult>0</difficult>
		<occluded>0</occluded>
		<bndbox>
			<xmin>143</xmin>
			<xmax>183</xmax>
			<ymin>123</ymin>
			<ymax>180</ymax>
		</bndbox>
	</object>
	<object>
		<name>with_mask</name>
		<pose>Unspecified</pose>
		<truncated>0</truncated>
		<difficult>0</difficult>
		<occluded>0</occluded>
		<bndbox>
			<xmin>226</xmin>
			<xmax>265</xmax>
			<ymin>109</ymin>
			<ymax>166</ymax>
		</bndbox>
	</object>
</annotation>
