<annotation>
	<folder></folder>
	<filename>maksssksksss236_png.rf.0a42224f9764908d535f67f591fc16f7.jpg</filename>
	<path>maksssksksss236_png.rf.0a42224f9764908d535f67f591fc16f7.jpg</path>
	<source>
		<database>roboflow.ai</database>
	</source>
	<size>
		<width>416</width>
		<height>416</height>
		<depth>3</depth>
	</size>
	<segmented>0</segmented>
	<object>
		<name>without_mask</name>
		<pose>Unspecified</pose>
		<truncated>0</truncated>
		<difficult>0</difficult>
		<occluded>0</occluded>
		<bndbox>
			<xmin>225</xmin>
			<xmax>371</xmax>
			<ymin>170</ymin>
			<ymax>311</ymax>
		</bndbox>
	</object>
</annotation>
