<annotation>
	<folder></folder>
	<filename>maksssksksss415_png.rf.6500ab38da05efbdde1c074e6ec816b0.jpg</filename>
	<path>maksssksksss415_png.rf.6500ab38da05efbdde1c074e6ec816b0.jpg</path>
	<source>
		<database>roboflow.ai</database>
	</source>
	<size>
		<width>416</width>
		<height>416</height>
		<depth>3</depth>
	</size>
	<segmented>0</segmented>
	<object>
		<name>with_mask</name>
		<pose>Unspecified</pose>
		<truncated>0</truncated>
		<difficult>0</difficult>
		<occluded>0</occluded>
		<bndbox>
			<xmin>118</xmin>
			<xmax>247</xmax>
			<ymin>132</ymin>
			<ymax>243</ymax>
		</bndbox>
	</object>
</annotation>
