<annotation>
	<folder></folder>
	<filename>maksssksksss536_png.rf.39940b9f12cbd716db85183a0000fec1.jpg</filename>
	<path>maksssksksss536_png.rf.39940b9f12cbd716db85183a0000fec1.jpg</path>
	<source>
		<database>roboflow.ai</database>
	</source>
	<size>
		<width>416</width>
		<height>416</height>
		<depth>3</depth>
	</size>
	<segmented>0</segmented>
	<object>
		<name>with_mask</name>
		<pose>Unspecified</pose>
		<truncated>0</truncated>
		<difficult>0</difficult>
		<occluded>0</occluded>
		<bndbox>
			<xmin>147</xmin>
			<xmax>272</xmax>
			<ymin>165</ymin>
			<ymax>299</ymax>
		</bndbox>
	</object>
</annotation>
