<annotation>
	<folder></folder>
	<filename>maksssksksss51_png.rf.f71e46161060c7755aa99e11a22e5bee.jpg</filename>
	<path>maksssksksss51_png.rf.f71e46161060c7755aa99e11a22e5bee.jpg</path>
	<source>
		<database>roboflow.ai</database>
	</source>
	<size>
		<width>416</width>
		<height>416</height>
		<depth>3</depth>
	</size>
	<segmented>0</segmented>
	<object>
		<name>without_mask</name>
		<pose>Unspecified</pose>
		<truncated>0</truncated>
		<difficult>0</difficult>
		<occluded>0</occluded>
		<bndbox>
			<xmin>157</xmin>
			<xmax>294</xmax>
			<ymin>166</ymin>
			<ymax>298</ymax>
		</bndbox>
	</object>
</annotation>
