<annotation>
	<folder></folder>
	<filename>maksssksksss393_png.rf.46a2d648da64a6cacfd24096a69e5a53.jpg</filename>
	<path>maksssksksss393_png.rf.46a2d648da64a6cacfd24096a69e5a53.jpg</path>
	<source>
		<database>roboflow.ai</database>
	</source>
	<size>
		<width>416</width>
		<height>416</height>
		<depth>3</depth>
	</size>
	<segmented>0</segmented>
	<object>
		<name>with_mask</name>
		<pose>Unspecified</pose>
		<truncated>0</truncated>
		<difficult>0</difficult>
		<occluded>0</occluded>
		<bndbox>
			<xmin>46</xmin>
			<xmax>167</xmax>
			<ymin>92</ymin>
			<ymax>214</ymax>
		</bndbox>
	</object>
	<object>
		<name>with_mask</name>
		<pose>Unspecified</pose>
		<truncated>0</truncated>
		<difficult>0</difficult>
		<occluded>0</occluded>
		<bndbox>
			<xmin>251</xmin>
			<xmax>380</xmax>
			<ymin>272</ymin>
			<ymax>406</ymax>
		</bndbox>
	</object>
</annotation>
