<annotation>
	<folder></folder>
	<filename>maksssksksss197_png.rf.18514218a95b0ec19265d033b134a92d.jpg</filename>
	<path>maksssksksss197_png.rf.18514218a95b0ec19265d033b134a92d.jpg</path>
	<source>
		<database>roboflow.ai</database>
	</source>
	<size>
		<width>416</width>
		<height>416</height>
		<depth>3</depth>
	</size>
	<segmented>0</segmented>
	<object>
		<name>with_mask</name>
		<pose>Unspecified</pose>
		<truncated>0</truncated>
		<difficult>0</difficult>
		<occluded>0</occluded>
		<bndbox>
			<xmin>176</xmin>
			<xmax>222</xmax>
			<ymin>154</ymin>
			<ymax>235</ymax>
		</bndbox>
	</object>
</annotation>
