<annotation>
	<folder></folder>
	<filename>maksssksksss344_png.rf.c44e379dee8ce422df156c73cdfa3d54.jpg</filename>
	<path>maksssksksss344_png.rf.c44e379dee8ce422df156c73cdfa3d54.jpg</path>
	<source>
		<database>roboflow.ai</database>
	</source>
	<size>
		<width>416</width>
		<height>416</height>
		<depth>3</depth>
	</size>
	<segmented>0</segmented>
	<object>
		<name>with_mask</name>
		<pose>Unspecified</pose>
		<truncated>0</truncated>
		<difficult>0</difficult>
		<occluded>0</occluded>
		<bndbox>
			<xmin>83</xmin>
			<xmax>94</xmax>
			<ymin>73</ymin>
			<ymax>91</ymax>
		</bndbox>
	</object>
	<object>
		<name>with_mask</name>
		<pose>Unspecified</pose>
		<truncated>0</truncated>
		<difficult>0</difficult>
		<occluded>0</occluded>
		<bndbox>
			<xmin>100</xmin>
			<xmax>114</xmax>
			<ymin>25</ymin>
			<ymax>49</ymax>
		</bndbox>
	</object>
	<object>
		<name>with_mask</name>
		<pose>Unspecified</pose>
		<truncated>0</truncated>
		<difficult>0</difficult>
		<occluded>0</occluded>
		<bndbox>
			<xmin>246</xmin>
			<xmax>272</xmax>
			<ymin>45</ymin>
			<ymax>91</ymax>
		</bndbox>
	</object>
	<object>
		<name>with_mask</name>
		<pose>Unspecified</pose>
		<truncated>0</truncated>
		<difficult>0</difficult>
		<occluded>0</occluded>
		<bndbox>
			<xmin>331</xmin>
			<xmax>356</xmax>
			<ymin>172</ymin>
			<ymax>211</ymax>
		</bndbox>
	</object>
</annotation>
