<annotation>
	<folder></folder>
	<filename>maksssksksss377_png.rf.13d858eea38c97dc806096c971b7bd35.jpg</filename>
	<path>maksssksksss377_png.rf.13d858eea38c97dc806096c971b7bd35.jpg</path>
	<source>
		<database>roboflow.ai</database>
	</source>
	<size>
		<width>416</width>
		<height>416</height>
		<depth>3</depth>
	</size>
	<segmented>0</segmented>
	<object>
		<name>with_mask</name>
		<pose>Unspecified</pose>
		<truncated>0</truncated>
		<difficult>0</difficult>
		<occluded>0</occluded>
		<bndbox>
			<xmin>137</xmin>
			<xmax>256</xmax>
			<ymin>104</ymin>
			<ymax>244</ymax>
		</bndbox>
	</object>
</annotation>
