<annotation>
	<folder></folder>
	<filename>maksssksksss26_png.rf.86bd0e666f3f67666de19dcfbfa3bf53.jpg</filename>
	<path>maksssksksss26_png.rf.86bd0e666f3f67666de19dcfbfa3bf53.jpg</path>
	<source>
		<database>roboflow.ai</database>
	</source>
	<size>
		<width>416</width>
		<height>416</height>
		<depth>3</depth>
	</size>
	<segmented>0</segmented>
	<object>
		<name>with_mask</name>
		<pose>Unspecified</pose>
		<truncated>0</truncated>
		<difficult>0</difficult>
		<occluded>0</occluded>
		<bndbox>
			<xmin>76</xmin>
			<xmax>181</xmax>
			<ymin>91</ymin>
			<ymax>215</ymax>
		</bndbox>
	</object>
	<object>
		<name>with_mask</name>
		<pose>Unspecified</pose>
		<truncated>0</truncated>
		<difficult>0</difficult>
		<occluded>0</occluded>
		<bndbox>
			<xmin>255</xmin>
			<xmax>340</xmax>
			<ymin>158</ymin>
			<ymax>249</ymax>
		</bndbox>
	</object>
</annotation>
