<annotation>
	<folder></folder>
	<filename>maksssksksss499_png.rf.a94633fb1096a0441451b9364f882c63.jpg</filename>
	<path>maksssksksss499_png.rf.a94633fb1096a0441451b9364f882c63.jpg</path>
	<source>
		<database>roboflow.ai</database>
	</source>
	<size>
		<width>416</width>
		<height>416</height>
		<depth>3</depth>
	</size>
	<segmented>0</segmented>
	<object>
		<name>without_mask</name>
		<pose>Unspecified</pose>
		<truncated>0</truncated>
		<difficult>0</difficult>
		<occluded>0</occluded>
		<bndbox>
			<xmin>105</xmin>
			<xmax>137</xmax>
			<ymin>44</ymin>
			<ymax>114</ymax>
		</bndbox>
	</object>
	<object>
		<name>with_mask</name>
		<pose>Unspecified</pose>
		<truncated>0</truncated>
		<difficult>0</difficult>
		<occluded>0</occluded>
		<bndbox>
			<xmin>231</xmin>
			<xmax>263</xmax>
			<ymin>80</ymin>
			<ymax>141</ymax>
		</bndbox>
	</object>
</annotation>
