<annotation>
	<folder></folder>
	<filename>maksssksksss244_png.rf.b32ef7e36c981c832fe51cc89d458998.jpg</filename>
	<path>maksssksksss244_png.rf.b32ef7e36c981c832fe51cc89d458998.jpg</path>
	<source>
		<database>roboflow.ai</database>
	</source>
	<size>
		<width>416</width>
		<height>416</height>
		<depth>3</depth>
	</size>
	<segmented>0</segmented>
	<object>
		<name>without_mask</name>
		<pose>Unspecified</pose>
		<truncated>0</truncated>
		<difficult>0</difficult>
		<occluded>0</occluded>
		<bndbox>
			<xmin>55</xmin>
			<xmax>100</xmax>
			<ymin>171</ymin>
			<ymax>236</ymax>
		</bndbox>
	</object>
	<object>
		<name>with_mask</name>
		<pose>Unspecified</pose>
		<truncated>0</truncated>
		<difficult>0</difficult>
		<occluded>0</occluded>
		<bndbox>
			<xmin>178</xmin>
			<xmax>234</xmax>
			<ymin>110</ymin>
			<ymax>206</ymax>
		</bndbox>
	</object>
	<object>
		<name>without_mask</name>
		<pose>Unspecified</pose>
		<truncated>0</truncated>
		<difficult>0</difficult>
		<occluded>0</occluded>
		<bndbox>
			<xmin>328</xmin>
			<xmax>416</xmax>
			<ymin>53</ymin>
			<ymax>206</ymax>
		</bndbox>
	</object>
</annotation>
