<annotation>
	<folder></folder>
	<filename>maksssksksss447_png.rf.c66ac254807b28a58960e7f17728df4f.jpg</filename>
	<path>maksssksksss447_png.rf.c66ac254807b28a58960e7f17728df4f.jpg</path>
	<source>
		<database>roboflow.ai</database>
	</source>
	<size>
		<width>416</width>
		<height>416</height>
		<depth>3</depth>
	</size>
	<segmented>0</segmented>
	<object>
		<name>with_mask</name>
		<pose>Unspecified</pose>
		<truncated>0</truncated>
		<difficult>0</difficult>
		<occluded>0</occluded>
		<bndbox>
			<xmin>112</xmin>
			<xmax>132</xmax>
			<ymin>93</ymin>
			<ymax>122</ymax>
		</bndbox>
	</object>
	<object>
		<name>with_mask</name>
		<pose>Unspecified</pose>
		<truncated>0</truncated>
		<difficult>0</difficult>
		<occluded>0</occluded>
		<bndbox>
			<xmin>209</xmin>
			<xmax>226</xmax>
			<ymin>131</ymin>
			<ymax>159</ymax>
		</bndbox>
	</object>
	<object>
		<name>with_mask</name>
		<pose>Unspecified</pose>
		<truncated>0</truncated>
		<difficult>0</difficult>
		<occluded>0</occluded>
		<bndbox>
			<xmin>326</xmin>
			<xmax>344</xmax>
			<ymin>115</ymin>
			<ymax>151</ymax>
		</bndbox>
	</object>
</annotation>
