<annotation>
	<folder></folder>
	<filename>maksssksksss126_png.rf.dbbc8cb2e47206298c67e7ffeb365a5b.jpg</filename>
	<path>maksssksksss126_png.rf.dbbc8cb2e47206298c67e7ffeb365a5b.jpg</path>
	<source>
		<database>roboflow.ai</database>
	</source>
	<size>
		<width>416</width>
		<height>416</height>
		<depth>3</depth>
	</size>
	<segmented>0</segmented>
	<object>
		<name>with_mask</name>
		<pose>Unspecified</pose>
		<truncated>0</truncated>
		<difficult>0</difficult>
		<occluded>0</occluded>
		<bndbox>
			<xmin>165</xmin>
			<xmax>246</xmax>
			<ymin>47</ymin>
			<ymax>108</ymax>
		</bndbox>
	</object>
	<object>
		<name>with_mask</name>
		<pose>Unspecified</pose>
		<truncated>0</truncated>
		<difficult>0</difficult>
		<occluded>0</occluded>
		<bndbox>
			<xmin>302</xmin>
			<xmax>334</xmax>
			<ymin>65</ymin>
			<ymax>92</ymax>
		</bndbox>
	</object>
	<object>
		<name>without_mask</name>
		<pose>Unspecified</pose>
		<truncated>0</truncated>
		<difficult>0</difficult>
		<occluded>0</occluded>
		<bndbox>
			<xmin>352</xmin>
			<xmax>416</xmax>
			<ymin>2</ymin>
			<ymax>101</ymax>
		</bndbox>
	</object>
</annotation>
