<annotation>
	<folder></folder>
	<filename>maksssksksss29_png.rf.4f2f76342c9e9247dbf7914657a3047f.jpg</filename>
	<path>maksssksksss29_png.rf.4f2f76342c9e9247dbf7914657a3047f.jpg</path>
	<source>
		<database>roboflow.ai</database>
	</source>
	<size>
		<width>416</width>
		<height>416</height>
		<depth>3</depth>
	</size>
	<segmented>0</segmented>
	<object>
		<name>with_mask</name>
		<pose>Unspecified</pose>
		<truncated>0</truncated>
		<difficult>0</difficult>
		<occluded>0</occluded>
		<bndbox>
			<xmin>52</xmin>
			<xmax>125</xmax>
			<ymin>135</ymin>
			<ymax>241</ymax>
		</bndbox>
	</object>
	<object>
		<name>mask_weared_incorrect</name>
		<pose>Unspecified</pose>
		<truncated>0</truncated>
		<difficult>0</difficult>
		<occluded>0</occluded>
		<bndbox>
			<xmin>232</xmin>
			<xmax>296</xmax>
			<ymin>114</ymin>
			<ymax>224</ymax>
		</bndbox>
	</object>
	<object>
		<name>mask_weared_incorrect</name>
		<pose>Unspecified</pose>
		<truncated>0</truncated>
		<difficult>0</difficult>
		<occluded>0</occluded>
		<bndbox>
			<xmin>290</xmin>
			<xmax>354</xmax>
			<ymin>62</ymin>
			<ymax>160</ymax>
		</bndbox>
	</object>
</annotation>
