<annotation>
	<folder></folder>
	<filename>maksssksksss10_png.rf.97a6926f50c5d800184dec6236d1e512.jpg</filename>
	<path>maksssksksss10_png.rf.97a6926f50c5d800184dec6236d1e512.jpg</path>
	<source>
		<database>roboflow.ai</database>
	</source>
	<size>
		<width>416</width>
		<height>416</height>
		<depth>3</depth>
	</size>
	<segmented>0</segmented>
	<object>
		<name>with_mask</name>
		<pose>Unspecified</pose>
		<truncated>0</truncated>
		<difficult>0</difficult>
		<occluded>0</occluded>
		<bndbox>
			<xmin>135</xmin>
			<xmax>268</xmax>
			<ymin>278</ymin>
			<ymax>398</ymax>
		</bndbox>
	</object>
</annotation>
