<annotation>
	<folder></folder>
	<filename>maksssksksss249_png.rf.643f46668e84457d926871188769487d.jpg</filename>
	<path>maksssksksss249_png.rf.643f46668e84457d926871188769487d.jpg</path>
	<source>
		<database>roboflow.ai</database>
	</source>
	<size>
		<width>416</width>
		<height>416</height>
		<depth>3</depth>
	</size>
	<segmented>0</segmented>
	<object>
		<name>with_mask</name>
		<pose>Unspecified</pose>
		<truncated>0</truncated>
		<difficult>0</difficult>
		<occluded>0</occluded>
		<bndbox>
			<xmin>175</xmin>
			<xmax>243</xmax>
			<ymin>101</ymin>
			<ymax>216</ymax>
		</bndbox>
	</object>
	<object>
		<name>without_mask</name>
		<pose>Unspecified</pose>
		<truncated>0</truncated>
		<difficult>0</difficult>
		<occluded>0</occluded>
		<bndbox>
			<xmin>321</xmin>
			<xmax>383</xmax>
			<ymin>185</ymin>
			<ymax>297</ymax>
		</bndbox>
	</object>
	<object>
		<name>without_mask</name>
		<pose>Unspecified</pose>
		<truncated>0</truncated>
		<difficult>0</difficult>
		<occluded>0</occluded>
		<bndbox>
			<xmin>232</xmin>
			<xmax>276</xmax>
			<ymin>138</ymin>
			<ymax>227</ymax>
		</bndbox>
	</object>
</annotation>
