<annotation>
	<folder></folder>
	<filename>maksssksksss427_png.rf.8c45aaf5a5116dfbe2bdd5dfbd4b1432.jpg</filename>
	<path>maksssksksss427_png.rf.8c45aaf5a5116dfbe2bdd5dfbd4b1432.jpg</path>
	<source>
		<database>roboflow.ai</database>
	</source>
	<size>
		<width>416</width>
		<height>416</height>
		<depth>3</depth>
	</size>
	<segmented>0</segmented>
	<object>
		<name>with_mask</name>
		<pose>Unspecified</pose>
		<truncated>0</truncated>
		<difficult>0</difficult>
		<occluded>0</occluded>
		<bndbox>
			<xmin>125</xmin>
			<xmax>189</xmax>
			<ymin>120</ymin>
			<ymax>254</ymax>
		</bndbox>
	</object>
	<object>
		<name>with_mask</name>
		<pose>Unspecified</pose>
		<truncated>0</truncated>
		<difficult>0</difficult>
		<occluded>0</occluded>
		<bndbox>
			<xmin>54</xmin>
			<xmax>71</xmax>
			<ymin>134</ymin>
			<ymax>167</ymax>
		</bndbox>
	</object>
	<object>
		<name>with_mask</name>
		<pose>Unspecified</pose>
		<truncated>0</truncated>
		<difficult>0</difficult>
		<occluded>0</occluded>
		<bndbox>
			<xmin>225</xmin>
			<xmax>248</xmax>
			<ymin>126</ymin>
			<ymax>169</ymax>
		</bndbox>
	</object>
	<object>
		<name>with_mask</name>
		<pose>Unspecified</pose>
		<truncated>0</truncated>
		<difficult>0</difficult>
		<occluded>0</occluded>
		<bndbox>
			<xmin>311</xmin>
			<xmax>412</xmax>
			<ymin>1</ymin>
			<ymax>174</ymax>
		</bndbox>
	</object>
</annotation>
