<annotation>
	<folder></folder>
	<filename>maksssksksss333_png.rf.9be75ea0bfbe2384adc5d6a7ae67072c.jpg</filename>
	<path>maksssksksss333_png.rf.9be75ea0bfbe2384adc5d6a7ae67072c.jpg</path>
	<source>
		<database>roboflow.ai</database>
	</source>
	<size>
		<width>416</width>
		<height>416</height>
		<depth>3</depth>
	</size>
	<segmented>0</segmented>
	<object>
		<name>with_mask</name>
		<pose>Unspecified</pose>
		<truncated>0</truncated>
		<difficult>0</difficult>
		<occluded>0</occluded>
		<bndbox>
			<xmin>105</xmin>
			<xmax>250</xmax>
			<ymin>211</ymin>
			<ymax>343</ymax>
		</bndbox>
	</object>
</annotation>
