<annotation>
	<folder></folder>
	<filename>maksssksksss351_png.rf.09c2ebc94838a62138f5d8a0cd4347ec.jpg</filename>
	<path>maksssksksss351_png.rf.09c2ebc94838a62138f5d8a0cd4347ec.jpg</path>
	<source>
		<database>roboflow.ai</database>
	</source>
	<size>
		<width>416</width>
		<height>416</height>
		<depth>3</depth>
	</size>
	<segmented>0</segmented>
	<object>
		<name>with_mask</name>
		<pose>Unspecified</pose>
		<truncated>0</truncated>
		<difficult>0</difficult>
		<occluded>0</occluded>
		<bndbox>
			<xmin>149</xmin>
			<xmax>267</xmax>
			<ymin>116</ymin>
			<ymax>340</ymax>
		</bndbox>
	</object>
</annotation>
