<annotation>
	<folder></folder>
	<filename>maksssksksss289_png.rf.eb70fc2f3352300e04b3ca1d32fda920.jpg</filename>
	<path>maksssksksss289_png.rf.eb70fc2f3352300e04b3ca1d32fda920.jpg</path>
	<source>
		<database>roboflow.ai</database>
	</source>
	<size>
		<width>416</width>
		<height>416</height>
		<depth>3</depth>
	</size>
	<segmented>0</segmented>
	<object>
		<name>without_mask</name>
		<pose>Unspecified</pose>
		<truncated>0</truncated>
		<difficult>0</difficult>
		<occluded>0</occluded>
		<bndbox>
			<xmin>138</xmin>
			<xmax>232</xmax>
			<ymin>201</ymin>
			<ymax>268</ymax>
		</bndbox>
	</object>
	<object>
		<name>without_mask</name>
		<pose>Unspecified</pose>
		<truncated>0</truncated>
		<difficult>0</difficult>
		<occluded>0</occluded>
		<bndbox>
			<xmin>388</xmin>
			<xmax>416</xmax>
			<ymin>312</ymin>
			<ymax>363</ymax>
		</bndbox>
	</object>
</annotation>
