<annotation>
	<folder></folder>
	<filename>maksssksksss252_png.rf.f77b1527e96fbb75f6d47cf106ba0981.jpg</filename>
	<path>maksssksksss252_png.rf.f77b1527e96fbb75f6d47cf106ba0981.jpg</path>
	<source>
		<database>roboflow.ai</database>
	</source>
	<size>
		<width>416</width>
		<height>416</height>
		<depth>3</depth>
	</size>
	<segmented>0</segmented>
	<object>
		<name>with_mask</name>
		<pose>Unspecified</pose>
		<truncated>0</truncated>
		<difficult>0</difficult>
		<occluded>0</occluded>
		<bndbox>
			<xmin>114</xmin>
			<xmax>222</xmax>
			<ymin>101</ymin>
			<ymax>250</ymax>
		</bndbox>
	</object>
</annotation>
