<annotation>
	<folder></folder>
	<filename>maksssksksss194_png.rf.bf9bcdeba947c3c8e0d5944b59b15418.jpg</filename>
	<path>maksssksksss194_png.rf.bf9bcdeba947c3c8e0d5944b59b15418.jpg</path>
	<source>
		<database>roboflow.ai</database>
	</source>
	<size>
		<width>416</width>
		<height>416</height>
		<depth>3</depth>
	</size>
	<segmented>0</segmented>
	<object>
		<name>with_mask</name>
		<pose>Unspecified</pose>
		<truncated>0</truncated>
		<difficult>0</difficult>
		<occluded>0</occluded>
		<bndbox>
			<xmin>191</xmin>
			<xmax>207</xmax>
			<ymin>107</ymin>
			<ymax>135</ymax>
		</bndbox>
	</object>
	<object>
		<name>without_mask</name>
		<pose>Unspecified</pose>
		<truncated>0</truncated>
		<difficult>0</difficult>
		<occluded>0</occluded>
		<bndbox>
			<xmin>213</xmin>
			<xmax>225</xmax>
			<ymin>104</ymin>
			<ymax>121</ymax>
		</bndbox>
	</object>
</annotation>
