<annotation>
	<folder></folder>
	<filename>maksssksksss557_png.rf.c7cbba784cdebc62b7efbbca7c7cd7fa.jpg</filename>
	<path>maksssksksss557_png.rf.c7cbba784cdebc62b7efbbca7c7cd7fa.jpg</path>
	<source>
		<database>roboflow.ai</database>
	</source>
	<size>
		<width>416</width>
		<height>416</height>
		<depth>3</depth>
	</size>
	<segmented>0</segmented>
	<object>
		<name>with_mask</name>
		<pose>Unspecified</pose>
		<truncated>0</truncated>
		<difficult>0</difficult>
		<occluded>0</occluded>
		<bndbox>
			<xmin>80</xmin>
			<xmax>239</xmax>
			<ymin>174</ymin>
			<ymax>330</ymax>
		</bndbox>
	</object>
</annotation>
