<annotation>
	<folder></folder>
	<filename>maksssksksss384_png.rf.d050d8d0ff6afbba9482c0d5f029eb77.jpg</filename>
	<path>maksssksksss384_png.rf.d050d8d0ff6afbba9482c0d5f029eb77.jpg</path>
	<source>
		<database>roboflow.ai</database>
	</source>
	<size>
		<width>416</width>
		<height>416</height>
		<depth>3</depth>
	</size>
	<segmented>0</segmented>
	<object>
		<name>with_mask</name>
		<pose>Unspecified</pose>
		<truncated>0</truncated>
		<difficult>0</difficult>
		<occluded>0</occluded>
		<bndbox>
			<xmin>57</xmin>
			<xmax>77</xmax>
			<ymin>254</ymin>
			<ymax>268</ymax>
		</bndbox>
	</object>
	<object>
		<name>with_mask</name>
		<pose>Unspecified</pose>
		<truncated>0</truncated>
		<difficult>0</difficult>
		<occluded>0</occluded>
		<bndbox>
			<xmin>227</xmin>
			<xmax>250</xmax>
			<ymin>248</ymin>
			<ymax>265</ymax>
		</bndbox>
	</object>
	<object>
		<name>without_mask</name>
		<pose>Unspecified</pose>
		<truncated>0</truncated>
		<difficult>0</difficult>
		<occluded>0</occluded>
		<bndbox>
			<xmin>289</xmin>
			<xmax>302</xmax>
			<ymin>276</ymin>
			<ymax>288</ymax>
		</bndbox>
	</object>
	<object>
		<name>with_mask</name>
		<pose>Unspecified</pose>
		<truncated>0</truncated>
		<difficult>0</difficult>
		<occluded>0</occluded>
		<bndbox>
			<xmin>344</xmin>
			<xmax>370</xmax>
			<ymin>247</ymin>
			<ymax>264</ymax>
		</bndbox>
	</object>
</annotation>
