<annotation>
	<folder></folder>
	<filename>maksssksksss441_png.rf.68e8404df426f75f669ef7583be54bec.jpg</filename>
	<path>maksssksksss441_png.rf.68e8404df426f75f669ef7583be54bec.jpg</path>
	<source>
		<database>roboflow.ai</database>
	</source>
	<size>
		<width>416</width>
		<height>416</height>
		<depth>3</depth>
	</size>
	<segmented>0</segmented>
	<object>
		<name>with_mask</name>
		<pose>Unspecified</pose>
		<truncated>0</truncated>
		<difficult>0</difficult>
		<occluded>0</occluded>
		<bndbox>
			<xmin>18</xmin>
			<xmax>70</xmax>
			<ymin>244</ymin>
			<ymax>322</ymax>
		</bndbox>
	</object>
	<object>
		<name>with_mask</name>
		<pose>Unspecified</pose>
		<truncated>0</truncated>
		<difficult>0</difficult>
		<occluded>0</occluded>
		<bndbox>
			<xmin>106</xmin>
			<xmax>165</xmax>
			<ymin>187</ymin>
			<ymax>286</ymax>
		</bndbox>
	</object>
	<object>
		<name>with_mask</name>
		<pose>Unspecified</pose>
		<truncated>0</truncated>
		<difficult>0</difficult>
		<occluded>0</occluded>
		<bndbox>
			<xmin>214</xmin>
			<xmax>278</xmax>
			<ymin>182</ymin>
			<ymax>289</ymax>
		</bndbox>
	</object>
</annotation>
