<annotation>
	<folder></folder>
	<filename>maksssksksss117_png.rf.d8b65820f2eb95d1b9090ff812b91147.jpg</filename>
	<path>maksssksksss117_png.rf.d8b65820f2eb95d1b9090ff812b91147.jpg</path>
	<source>
		<database>roboflow.ai</database>
	</source>
	<size>
		<width>416</width>
		<height>416</height>
		<depth>3</depth>
	</size>
	<segmented>0</segmented>
	<object>
		<name>with_mask</name>
		<pose>Unspecified</pose>
		<truncated>0</truncated>
		<difficult>0</difficult>
		<occluded>0</occluded>
		<bndbox>
			<xmin>181</xmin>
			<xmax>313</xmax>
			<ymin>233</ymin>
			<ymax>360</ymax>
		</bndbox>
	</object>
</annotation>
