<annotation>
	<folder></folder>
	<filename>maksssksksss114_png.rf.855d28688422e39ae7064b8bbb0de861.jpg</filename>
	<path>maksssksksss114_png.rf.855d28688422e39ae7064b8bbb0de861.jpg</path>
	<source>
		<database>roboflow.ai</database>
	</source>
	<size>
		<width>416</width>
		<height>416</height>
		<depth>3</depth>
	</size>
	<segmented>0</segmented>
	<object>
		<name>without_mask</name>
		<pose>Unspecified</pose>
		<truncated>0</truncated>
		<difficult>0</difficult>
		<occluded>0</occluded>
		<bndbox>
			<xmin>4</xmin>
			<xmax>78</xmax>
			<ymin>153</ymin>
			<ymax>297</ymax>
		</bndbox>
	</object>
	<object>
		<name>with_mask</name>
		<pose>Unspecified</pose>
		<truncated>0</truncated>
		<difficult>0</difficult>
		<occluded>0</occluded>
		<bndbox>
			<xmin>83</xmin>
			<xmax>159</xmax>
			<ymin>106</ymin>
			<ymax>260</ymax>
		</bndbox>
	</object>
</annotation>
