<annotation>
	<folder></folder>
	<filename>maksssksksss15_png.rf.9157b66541f0a60bd3bb609c6d74aab7.jpg</filename>
	<path>maksssksksss15_png.rf.9157b66541f0a60bd3bb609c6d74aab7.jpg</path>
	<source>
		<database>roboflow.ai</database>
	</source>
	<size>
		<width>416</width>
		<height>416</height>
		<depth>3</depth>
	</size>
	<segmented>0</segmented>
	<object>
		<name>with_mask</name>
		<pose>Unspecified</pose>
		<truncated>0</truncated>
		<difficult>0</difficult>
		<occluded>0</occluded>
		<bndbox>
			<xmin>126</xmin>
			<xmax>268</xmax>
			<ymin>150</ymin>
			<ymax>222</ymax>
		</bndbox>
	</object>
	<object>
		<name>with_mask</name>
		<pose>Unspecified</pose>
		<truncated>0</truncated>
		<difficult>0</difficult>
		<occluded>0</occluded>
		<bndbox>
			<xmin>176</xmin>
			<xmax>253</xmax>
			<ymin>343</ymin>
			<ymax>381</ymax>
		</bndbox>
	</object>
</annotation>
