<annotation>
	<folder></folder>
	<filename>maksssksksss380_png.rf.1a9d93a5769bde26c17d2f042758d17e.jpg</filename>
	<path>maksssksksss380_png.rf.1a9d93a5769bde26c17d2f042758d17e.jpg</path>
	<source>
		<database>roboflow.ai</database>
	</source>
	<size>
		<width>416</width>
		<height>416</height>
		<depth>3</depth>
	</size>
	<segmented>0</segmented>
	<object>
		<name>with_mask</name>
		<pose>Unspecified</pose>
		<truncated>0</truncated>
		<difficult>0</difficult>
		<occluded>0</occluded>
		<bndbox>
			<xmin>65</xmin>
			<xmax>217</xmax>
			<ymin>219</ymin>
			<ymax>374</ymax>
		</bndbox>
	</object>
</annotation>
