<annotation>
	<folder></folder>
	<filename>maksssksksss341_png.rf.61e2a722446a57e15ef6e56a585798f9.jpg</filename>
	<path>maksssksksss341_png.rf.61e2a722446a57e15ef6e56a585798f9.jpg</path>
	<source>
		<database>roboflow.ai</database>
	</source>
	<size>
		<width>416</width>
		<height>416</height>
		<depth>3</depth>
	</size>
	<segmented>0</segmented>
	<object>
		<name>with_mask</name>
		<pose>Unspecified</pose>
		<truncated>0</truncated>
		<difficult>0</difficult>
		<occluded>0</occluded>
		<bndbox>
			<xmin>92</xmin>
			<xmax>221</xmax>
			<ymin>205</ymin>
			<ymax>331</ymax>
		</bndbox>
	</object>
</annotation>
