<annotation>
	<folder></folder>
	<filename>maksssksksss136_png.rf.a9b65ec55edbd7cf4f8f036c158d06f7.jpg</filename>
	<path>maksssksksss136_png.rf.a9b65ec55edbd7cf4f8f036c158d06f7.jpg</path>
	<source>
		<database>roboflow.ai</database>
	</source>
	<size>
		<width>416</width>
		<height>416</height>
		<depth>3</depth>
	</size>
	<segmented>0</segmented>
	<object>
		<name>with_mask</name>
		<pose>Unspecified</pose>
		<truncated>0</truncated>
		<difficult>0</difficult>
		<occluded>0</occluded>
		<bndbox>
			<xmin>156</xmin>
			<xmax>237</xmax>
			<ymin>109</ymin>
			<ymax>164</ymax>
		</bndbox>
	</object>
</annotation>
