<annotation>
	<folder></folder>
	<filename>maksssksksss215_png.rf.6508f2e4ad212b422f07621f4cef2a4d.jpg</filename>
	<path>maksssksksss215_png.rf.6508f2e4ad212b422f07621f4cef2a4d.jpg</path>
	<source>
		<database>roboflow.ai</database>
	</source>
	<size>
		<width>416</width>
		<height>416</height>
		<depth>3</depth>
	</size>
	<segmented>0</segmented>
	<object>
		<name>with_mask</name>
		<pose>Unspecified</pose>
		<truncated>0</truncated>
		<difficult>0</difficult>
		<occluded>0</occluded>
		<bndbox>
			<xmin>78</xmin>
			<xmax>164</xmax>
			<ymin>78</ymin>
			<ymax>167</ymax>
		</bndbox>
	</object>
	<object>
		<name>with_mask</name>
		<pose>Unspecified</pose>
		<truncated>0</truncated>
		<difficult>0</difficult>
		<occluded>0</occluded>
		<bndbox>
			<xmin>255</xmin>
			<xmax>328</xmax>
			<ymin>99</ymin>
			<ymax>178</ymax>
		</bndbox>
	</object>
</annotation>
