<annotation>
	<folder></folder>
	<filename>maksssksksss320_png.rf.21db50b4b3e7668d9434bbea29529d3f.jpg</filename>
	<path>maksssksksss320_png.rf.21db50b4b3e7668d9434bbea29529d3f.jpg</path>
	<source>
		<database>roboflow.ai</database>
	</source>
	<size>
		<width>416</width>
		<height>416</height>
		<depth>3</depth>
	</size>
	<segmented>0</segmented>
	<object>
		<name>without_mask</name>
		<pose>Unspecified</pose>
		<truncated>0</truncated>
		<difficult>0</difficult>
		<occluded>0</occluded>
		<bndbox>
			<xmin>21</xmin>
			<xmax>31</xmax>
			<ymin>91</ymin>
			<ymax>115</ymax>
		</bndbox>
	</object>
	<object>
		<name>with_mask</name>
		<pose>Unspecified</pose>
		<truncated>0</truncated>
		<difficult>0</difficult>
		<occluded>0</occluded>
		<bndbox>
			<xmin>111</xmin>
			<xmax>131</xmax>
			<ymin>37</ymin>
			<ymax>79</ymax>
		</bndbox>
	</object>
	<object>
		<name>with_mask</name>
		<pose>Unspecified</pose>
		<truncated>0</truncated>
		<difficult>0</difficult>
		<occluded>0</occluded>
		<bndbox>
			<xmin>192</xmin>
			<xmax>209</xmax>
			<ymin>160</ymin>
			<ymax>195</ymax>
		</bndbox>
	</object>
	<object>
		<name>with_mask</name>
		<pose>Unspecified</pose>
		<truncated>0</truncated>
		<difficult>0</difficult>
		<occluded>0</occluded>
		<bndbox>
			<xmin>349</xmin>
			<xmax>372</xmax>
			<ymin>18</ymin>
			<ymax>65</ymax>
		</bndbox>
	</object>
</annotation>
