<annotation>
	<folder></folder>
	<filename>maksssksksss288_png.rf.aa3bb01a6d5da18738a73a76fe02ea0a.jpg</filename>
	<path>maksssksksss288_png.rf.aa3bb01a6d5da18738a73a76fe02ea0a.jpg</path>
	<source>
		<database>roboflow.ai</database>
	</source>
	<size>
		<width>416</width>
		<height>416</height>
		<depth>3</depth>
	</size>
	<segmented>0</segmented>
	<object>
		<name>with_mask</name>
		<pose>Unspecified</pose>
		<truncated>0</truncated>
		<difficult>0</difficult>
		<occluded>0</occluded>
		<bndbox>
			<xmin>29</xmin>
			<xmax>54</xmax>
			<ymin>371</ymin>
			<ymax>398</ymax>
		</bndbox>
	</object>
	<object>
		<name>with_mask</name>
		<pose>Unspecified</pose>
		<truncated>0</truncated>
		<difficult>0</difficult>
		<occluded>0</occluded>
		<bndbox>
			<xmin>149</xmin>
			<xmax>182</xmax>
			<ymin>171</ymin>
			<ymax>232</ymax>
		</bndbox>
	</object>
	<object>
		<name>with_mask</name>
		<pose>Unspecified</pose>
		<truncated>0</truncated>
		<difficult>0</difficult>
		<occluded>0</occluded>
		<bndbox>
			<xmin>206</xmin>
			<xmax>238</xmax>
			<ymin>179</ymin>
			<ymax>231</ymax>
		</bndbox>
	</object>
</annotation>
