<annotation>
	<folder></folder>
	<filename>maksssksksss473_png.rf.64d2a8b021aed7139eb19e1029fbb60e.jpg</filename>
	<path>maksssksksss473_png.rf.64d2a8b021aed7139eb19e1029fbb60e.jpg</path>
	<source>
		<database>roboflow.ai</database>
	</source>
	<size>
		<width>416</width>
		<height>416</height>
		<depth>3</depth>
	</size>
	<segmented>0</segmented>
	<object>
		<name>without_mask</name>
		<pose>Unspecified</pose>
		<truncated>0</truncated>
		<difficult>0</difficult>
		<occluded>0</occluded>
		<bndbox>
			<xmin>55</xmin>
			<xmax>95</xmax>
			<ymin>161</ymin>
			<ymax>251</ymax>
		</bndbox>
	</object>
	<object>
		<name>with_mask</name>
		<pose>Unspecified</pose>
		<truncated>0</truncated>
		<difficult>0</difficult>
		<occluded>0</occluded>
		<bndbox>
			<xmin>114</xmin>
			<xmax>150</xmax>
			<ymin>99</ymin>
			<ymax>169</ymax>
		</bndbox>
	</object>
	<object>
		<name>with_mask</name>
		<pose>Unspecified</pose>
		<truncated>0</truncated>
		<difficult>0</difficult>
		<occluded>0</occluded>
		<bndbox>
			<xmin>254</xmin>
			<xmax>287</xmax>
			<ymin>57</ymin>
			<ymax>137</ymax>
		</bndbox>
	</object>
	<object>
		<name>with_mask</name>
		<pose>Unspecified</pose>
		<truncated>0</truncated>
		<difficult>0</difficult>
		<occluded>0</occluded>
		<bndbox>
			<xmin>312</xmin>
			<xmax>345</xmax>
			<ymin>153</ymin>
			<ymax>229</ymax>
		</bndbox>
	</object>
</annotation>
