<annotation>
	<folder></folder>
	<filename>maksssksksss580_png.rf.6eb7807b73c8989e9f4e6ca89daebb36.jpg</filename>
	<path>maksssksksss580_png.rf.6eb7807b73c8989e9f4e6ca89daebb36.jpg</path>
	<source>
		<database>roboflow.ai</database>
	</source>
	<size>
		<width>416</width>
		<height>416</height>
		<depth>3</depth>
	</size>
	<segmented>0</segmented>
	<object>
		<name>with_mask</name>
		<pose>Unspecified</pose>
		<truncated>0</truncated>
		<difficult>0</difficult>
		<occluded>0</occluded>
		<bndbox>
			<xmin>155</xmin>
			<xmax>230</xmax>
			<ymin>59</ymin>
			<ymax>104</ymax>
		</bndbox>
	</object>
</annotation>
