<annotation>
	<folder></folder>
	<filename>maksssksksss576_png.rf.d313fe7460f8e856a1c83b8ecf4df831.jpg</filename>
	<path>maksssksksss576_png.rf.d313fe7460f8e856a1c83b8ecf4df831.jpg</path>
	<source>
		<database>roboflow.ai</database>
	</source>
	<size>
		<width>416</width>
		<height>416</height>
		<depth>3</depth>
	</size>
	<segmented>0</segmented>
	<object>
		<name>with_mask</name>
		<pose>Unspecified</pose>
		<truncated>0</truncated>
		<difficult>0</difficult>
		<occluded>0</occluded>
		<bndbox>
			<xmin>109</xmin>
			<xmax>187</xmax>
			<ymin>98</ymin>
			<ymax>218</ymax>
		</bndbox>
	</object>
	<object>
		<name>with_mask</name>
		<pose>Unspecified</pose>
		<truncated>0</truncated>
		<difficult>0</difficult>
		<occluded>0</occluded>
		<bndbox>
			<xmin>183</xmin>
			<xmax>269</xmax>
			<ymin>111</ymin>
			<ymax>246</ymax>
		</bndbox>
	</object>
</annotation>
