<annotation>
	<folder></folder>
	<filename>maksssksksss53_png.rf.1f1d221ee0fa3a31acaa47224dd43da7.jpg</filename>
	<path>maksssksksss53_png.rf.1f1d221ee0fa3a31acaa47224dd43da7.jpg</path>
	<source>
		<database>roboflow.ai</database>
	</source>
	<size>
		<width>416</width>
		<height>416</height>
		<depth>3</depth>
	</size>
	<segmented>0</segmented>
	<object>
		<name>with_mask</name>
		<pose>Unspecified</pose>
		<truncated>0</truncated>
		<difficult>0</difficult>
		<occluded>0</occluded>
		<bndbox>
			<xmin>85</xmin>
			<xmax>107</xmax>
			<ymin>115</ymin>
			<ymax>159</ymax>
		</bndbox>
	</object>
	<object>
		<name>with_mask</name>
		<pose>Unspecified</pose>
		<truncated>0</truncated>
		<difficult>0</difficult>
		<occluded>0</occluded>
		<bndbox>
			<xmin>202</xmin>
			<xmax>225</xmax>
			<ymin>55</ymin>
			<ymax>103</ymax>
		</bndbox>
	</object>
	<object>
		<name>with_mask</name>
		<pose>Unspecified</pose>
		<truncated>0</truncated>
		<difficult>0</difficult>
		<occluded>0</occluded>
		<bndbox>
			<xmin>208</xmin>
			<xmax>243</xmax>
			<ymin>167</ymin>
			<ymax>235</ymax>
		</bndbox>
	</object>
</annotation>
