<annotation>
	<folder></folder>
	<filename>maksssksksss362_png.rf.c2417e7b57f3cec43c2ff2d5a752cf22.jpg</filename>
	<path>maksssksksss362_png.rf.c2417e7b57f3cec43c2ff2d5a752cf22.jpg</path>
	<source>
		<database>roboflow.ai</database>
	</source>
	<size>
		<width>416</width>
		<height>416</height>
		<depth>3</depth>
	</size>
	<segmented>0</segmented>
	<object>
		<name>with_mask</name>
		<pose>Unspecified</pose>
		<truncated>0</truncated>
		<difficult>0</difficult>
		<occluded>0</occluded>
		<bndbox>
			<xmin>64</xmin>
			<xmax>174</xmax>
			<ymin>177</ymin>
			<ymax>336</ymax>
		</bndbox>
	</object>
	<object>
		<name>with_mask</name>
		<pose>Unspecified</pose>
		<truncated>0</truncated>
		<difficult>0</difficult>
		<occluded>0</occluded>
		<bndbox>
			<xmin>182</xmin>
			<xmax>268</xmax>
			<ymin>192</ymin>
			<ymax>323</ymax>
		</bndbox>
	</object>
	<object>
		<name>with_mask</name>
		<pose>Unspecified</pose>
		<truncated>0</truncated>
		<difficult>0</difficult>
		<occluded>0</occluded>
		<bndbox>
			<xmin>269</xmin>
			<xmax>352</xmax>
			<ymin>136</ymin>
			<ymax>272</ymax>
		</bndbox>
	</object>
</annotation>
