<annotation>
	<folder></folder>
	<filename>maksssksksss177_png.rf.b320a8b3d38518fe145a3b5063121c63.jpg</filename>
	<path>maksssksksss177_png.rf.b320a8b3d38518fe145a3b5063121c63.jpg</path>
	<source>
		<database>roboflow.ai</database>
	</source>
	<size>
		<width>416</width>
		<height>416</height>
		<depth>3</depth>
	</size>
	<segmented>0</segmented>
	<object>
		<name>with_mask</name>
		<pose>Unspecified</pose>
		<truncated>0</truncated>
		<difficult>0</difficult>
		<occluded>0</occluded>
		<bndbox>
			<xmin>287</xmin>
			<xmax>337</xmax>
			<ymin>105</ymin>
			<ymax>163</ymax>
		</bndbox>
	</object>
	<object>
		<name>with_mask</name>
		<pose>Unspecified</pose>
		<truncated>0</truncated>
		<difficult>0</difficult>
		<occluded>0</occluded>
		<bndbox>
			<xmin>160</xmin>
			<xmax>207</xmax>
			<ymin>204</ymin>
			<ymax>269</ymax>
		</bndbox>
	</object>
</annotation>
