<annotation>
	<folder></folder>
	<filename>maksssksksss272_png.rf.1f51c5ac110c6ada549514d661eec6f7.jpg</filename>
	<path>maksssksksss272_png.rf.1f51c5ac110c6ada549514d661eec6f7.jpg</path>
	<source>
		<database>roboflow.ai</database>
	</source>
	<size>
		<width>416</width>
		<height>416</height>
		<depth>3</depth>
	</size>
	<segmented>0</segmented>
	<object>
		<name>mask_weared_incorrect</name>
		<pose>Unspecified</pose>
		<truncated>0</truncated>
		<difficult>0</difficult>
		<occluded>0</occluded>
		<bndbox>
			<xmin>72</xmin>
			<xmax>329</xmax>
			<ymin>111</ymin>
			<ymax>316</ymax>
		</bndbox>
	</object>
</annotation>
