<annotation>
	<folder></folder>
	<filename>maksssksksss587_png.rf.a146ea8a134f3d3bc79747bc448f74cd.jpg</filename>
	<path>maksssksksss587_png.rf.a146ea8a134f3d3bc79747bc448f74cd.jpg</path>
	<source>
		<database>roboflow.ai</database>
	</source>
	<size>
		<width>416</width>
		<height>416</height>
		<depth>3</depth>
	</size>
	<segmented>0</segmented>
	<object>
		<name>with_mask</name>
		<pose>Unspecified</pose>
		<truncated>0</truncated>
		<difficult>0</difficult>
		<occluded>0</occluded>
		<bndbox>
			<xmin>72</xmin>
			<xmax>103</xmax>
			<ymin>202</ymin>
			<ymax>241</ymax>
		</bndbox>
	</object>
	<object>
		<name>with_mask</name>
		<pose>Unspecified</pose>
		<truncated>0</truncated>
		<difficult>0</difficult>
		<occluded>0</occluded>
		<bndbox>
			<xmin>216</xmin>
			<xmax>257</xmax>
			<ymin>32</ymin>
			<ymax>77</ymax>
		</bndbox>
	</object>
</annotation>
