<annotation>
	<folder></folder>
	<filename>maksssksksss45_png.rf.5431046d2bc83ab4f5712b9d67c50ba2.jpg</filename>
	<path>maksssksksss45_png.rf.5431046d2bc83ab4f5712b9d67c50ba2.jpg</path>
	<source>
		<database>roboflow.ai</database>
	</source>
	<size>
		<width>416</width>
		<height>416</height>
		<depth>3</depth>
	</size>
	<segmented>0</segmented>
	<object>
		<name>without_mask</name>
		<pose>Unspecified</pose>
		<truncated>0</truncated>
		<difficult>0</difficult>
		<occluded>0</occluded>
		<bndbox>
			<xmin>65</xmin>
			<xmax>99</xmax>
			<ymin>62</ymin>
			<ymax>115</ymax>
		</bndbox>
	</object>
	<object>
		<name>with_mask</name>
		<pose>Unspecified</pose>
		<truncated>0</truncated>
		<difficult>0</difficult>
		<occluded>0</occluded>
		<bndbox>
			<xmin>231</xmin>
			<xmax>283</xmax>
			<ymin>73</ymin>
			<ymax>154</ymax>
		</bndbox>
	</object>
	<object>
		<name>without_mask</name>
		<pose>Unspecified</pose>
		<truncated>0</truncated>
		<difficult>0</difficult>
		<occluded>0</occluded>
		<bndbox>
			<xmin>260</xmin>
			<xmax>290</xmax>
			<ymin>292</ymin>
			<ymax>373</ymax>
		</bndbox>
	</object>
</annotation>
