<annotation>
	<folder></folder>
	<filename>maksssksksss604_png.rf.59d6038f3463a81c33ccfdf999148def.jpg</filename>
	<path>maksssksksss604_png.rf.59d6038f3463a81c33ccfdf999148def.jpg</path>
	<source>
		<database>roboflow.ai</database>
	</source>
	<size>
		<width>416</width>
		<height>416</height>
		<depth>3</depth>
	</size>
	<segmented>0</segmented>
	<object>
		<name>with_mask</name>
		<pose>Unspecified</pose>
		<truncated>0</truncated>
		<difficult>0</difficult>
		<occluded>0</occluded>
		<bndbox>
			<xmin>76</xmin>
			<xmax>126</xmax>
			<ymin>106</ymin>
			<ymax>200</ymax>
		</bndbox>
	</object>
	<object>
		<name>with_mask</name>
		<pose>Unspecified</pose>
		<truncated>0</truncated>
		<difficult>0</difficult>
		<occluded>0</occluded>
		<bndbox>
			<xmin>257</xmin>
			<xmax>316</xmax>
			<ymin>73</ymin>
			<ymax>172</ymax>
		</bndbox>
	</object>
</annotation>
