<annotation>
	<folder></folder>
	<filename>maksssksksss485_png.rf.214882bcc18088c62e846f19968c899e.jpg</filename>
	<path>maksssksksss485_png.rf.214882bcc18088c62e846f19968c899e.jpg</path>
	<source>
		<database>roboflow.ai</database>
	</source>
	<size>
		<width>416</width>
		<height>416</height>
		<depth>3</depth>
	</size>
	<segmented>0</segmented>
	<object>
		<name>with_mask</name>
		<pose>Unspecified</pose>
		<truncated>0</truncated>
		<difficult>0</difficult>
		<occluded>0</occluded>
		<bndbox>
			<xmin>196</xmin>
			<xmax>310</xmax>
			<ymin>291</ymin>
			<ymax>403</ymax>
		</bndbox>
	</object>
</annotation>
