<annotation>
	<folder></folder>
	<filename>maksssksksss383_png.rf.4c2ea02e5be6c96355ad5d32d2cf38cb.jpg</filename>
	<path>maksssksksss383_png.rf.4c2ea02e5be6c96355ad5d32d2cf38cb.jpg</path>
	<source>
		<database>roboflow.ai</database>
	</source>
	<size>
		<width>416</width>
		<height>416</height>
		<depth>3</depth>
	</size>
	<segmented>0</segmented>
	<object>
		<name>with_mask</name>
		<pose>Unspecified</pose>
		<truncated>0</truncated>
		<difficult>0</difficult>
		<occluded>0</occluded>
		<bndbox>
			<xmin>124</xmin>
			<xmax>262</xmax>
			<ymin>191</ymin>
			<ymax>322</ymax>
		</bndbox>
	</object>
</annotation>
