<annotation>
	<folder></folder>
	<filename>maksssksksss190_png.rf.eff6d0d33a11aa9c5e24529b8b048d2c.jpg</filename>
	<path>maksssksksss190_png.rf.eff6d0d33a11aa9c5e24529b8b048d2c.jpg</path>
	<source>
		<database>roboflow.ai</database>
	</source>
	<size>
		<width>416</width>
		<height>416</height>
		<depth>3</depth>
	</size>
	<segmented>0</segmented>
	<object>
		<name>with_mask</name>
		<pose>Unspecified</pose>
		<truncated>0</truncated>
		<difficult>0</difficult>
		<occluded>0</occluded>
		<bndbox>
			<xmin>149</xmin>
			<xmax>231</xmax>
			<ymin>110</ymin>
			<ymax>228</ymax>
		</bndbox>
	</object>
</annotation>
