<annotation>
	<folder></folder>
	<filename>maksssksksss328_png.rf.aa8170dc92228d2bafc4e0f93ed40239.jpg</filename>
	<path>maksssksksss328_png.rf.aa8170dc92228d2bafc4e0f93ed40239.jpg</path>
	<source>
		<database>roboflow.ai</database>
	</source>
	<size>
		<width>416</width>
		<height>416</height>
		<depth>3</depth>
	</size>
	<segmented>0</segmented>
	<object>
		<name>with_mask</name>
		<pose>Unspecified</pose>
		<truncated>0</truncated>
		<difficult>0</difficult>
		<occluded>0</occluded>
		<bndbox>
			<xmin>113</xmin>
			<xmax>258</xmax>
			<ymin>145</ymin>
			<ymax>281</ymax>
		</bndbox>
	</object>
</annotation>
