<annotation>
	<folder></folder>
	<filename>maksssksksss550_png.rf.a194780bda38789118f4297d5c92f9fd.jpg</filename>
	<path>maksssksksss550_png.rf.a194780bda38789118f4297d5c92f9fd.jpg</path>
	<source>
		<database>roboflow.ai</database>
	</source>
	<size>
		<width>416</width>
		<height>416</height>
		<depth>3</depth>
	</size>
	<segmented>0</segmented>
	<object>
		<name>with_mask</name>
		<pose>Unspecified</pose>
		<truncated>0</truncated>
		<difficult>0</difficult>
		<occluded>0</occluded>
		<bndbox>
			<xmin>140</xmin>
			<xmax>284</xmax>
			<ymin>93</ymin>
			<ymax>243</ymax>
		</bndbox>
	</object>
</annotation>
