<annotation>
	<folder></folder>
	<filename>maksssksksss191_png.rf.f855fc7256cf1773b3bf8bd9a3696467.jpg</filename>
	<path>maksssksksss191_png.rf.f855fc7256cf1773b3bf8bd9a3696467.jpg</path>
	<source>
		<database>roboflow.ai</database>
	</source>
	<size>
		<width>416</width>
		<height>416</height>
		<depth>3</depth>
	</size>
	<segmented>0</segmented>
	<object>
		<name>with_mask</name>
		<pose>Unspecified</pose>
		<truncated>0</truncated>
		<difficult>0</difficult>
		<occluded>0</occluded>
		<bndbox>
			<xmin>230</xmin>
			<xmax>309</xmax>
			<ymin>113</ymin>
			<ymax>225</ymax>
		</bndbox>
	</object>
</annotation>
