<annotation>
	<folder></folder>
	<filename>maksssksksss160_png.rf.6b3ee6b12ec3914f66258c319087dcf2.jpg</filename>
	<path>maksssksksss160_png.rf.6b3ee6b12ec3914f66258c319087dcf2.jpg</path>
	<source>
		<database>roboflow.ai</database>
	</source>
	<size>
		<width>416</width>
		<height>416</height>
		<depth>3</depth>
	</size>
	<segmented>0</segmented>
	<object>
		<name>with_mask</name>
		<pose>Unspecified</pose>
		<truncated>0</truncated>
		<difficult>0</difficult>
		<occluded>0</occluded>
		<bndbox>
			<xmin>74</xmin>
			<xmax>157</xmax>
			<ymin>119</ymin>
			<ymax>222</ymax>
		</bndbox>
	</object>
	<object>
		<name>with_mask</name>
		<pose>Unspecified</pose>
		<truncated>0</truncated>
		<difficult>0</difficult>
		<occluded>0</occluded>
		<bndbox>
			<xmin>256</xmin>
			<xmax>339</xmax>
			<ymin>155</ymin>
			<ymax>283</ymax>
		</bndbox>
	</object>
</annotation>
