<annotation>
	<folder></folder>
	<filename>maksssksksss266_png.rf.983df6b4a2cb52e471793ac18478c7e8.jpg</filename>
	<path>maksssksksss266_png.rf.983df6b4a2cb52e471793ac18478c7e8.jpg</path>
	<source>
		<database>roboflow.ai</database>
	</source>
	<size>
		<width>416</width>
		<height>416</height>
		<depth>3</depth>
	</size>
	<segmented>0</segmented>
	<object>
		<name>with_mask</name>
		<pose>Unspecified</pose>
		<truncated>0</truncated>
		<difficult>0</difficult>
		<occluded>0</occluded>
		<bndbox>
			<xmin>102</xmin>
			<xmax>248</xmax>
			<ymin>213</ymin>
			<ymax>343</ymax>
		</bndbox>
	</object>
</annotation>
