<annotation>
	<folder></folder>
	<filename>maksssksksss532_png.rf.8c670edb91381e9c59b270036c695001.jpg</filename>
	<path>maksssksksss532_png.rf.8c670edb91381e9c59b270036c695001.jpg</path>
	<source>
		<database>roboflow.ai</database>
	</source>
	<size>
		<width>416</width>
		<height>416</height>
		<depth>3</depth>
	</size>
	<segmented>0</segmented>
	<object>
		<name>with_mask</name>
		<pose>Unspecified</pose>
		<truncated>0</truncated>
		<difficult>0</difficult>
		<occluded>0</occluded>
		<bndbox>
			<xmin>98</xmin>
			<xmax>233</xmax>
			<ymin>205</ymin>
			<ymax>335</ymax>
		</bndbox>
	</object>
</annotation>
