<annotation>
	<folder></folder>
	<filename>maksssksksss515_png.rf.f3a83b97ae6743e21c6f47c6568e901b.jpg</filename>
	<path>maksssksksss515_png.rf.f3a83b97ae6743e21c6f47c6568e901b.jpg</path>
	<source>
		<database>roboflow.ai</database>
	</source>
	<size>
		<width>416</width>
		<height>416</height>
		<depth>3</depth>
	</size>
	<segmented>0</segmented>
	<object>
		<name>with_mask</name>
		<pose>Unspecified</pose>
		<truncated>0</truncated>
		<difficult>0</difficult>
		<occluded>0</occluded>
		<bndbox>
			<xmin>79</xmin>
			<xmax>227</xmax>
			<ymin>206</ymin>
			<ymax>343</ymax>
		</bndbox>
	</object>
</annotation>
