<annotation>
	<folder></folder>
	<filename>maksssksksss39_png.rf.0b2177b36447e39961b43490b898b0c1.jpg</filename>
	<path>maksssksksss39_png.rf.0b2177b36447e39961b43490b898b0c1.jpg</path>
	<source>
		<database>roboflow.ai</database>
	</source>
	<size>
		<width>416</width>
		<height>416</height>
		<depth>3</depth>
	</size>
	<segmented>0</segmented>
	<object>
		<name>with_mask</name>
		<pose>Unspecified</pose>
		<truncated>0</truncated>
		<difficult>0</difficult>
		<occluded>0</occluded>
		<bndbox>
			<xmin>164</xmin>
			<xmax>233</xmax>
			<ymin>112</ymin>
			<ymax>192</ymax>
		</bndbox>
	</object>
	<object>
		<name>with_mask</name>
		<pose>Unspecified</pose>
		<truncated>0</truncated>
		<difficult>0</difficult>
		<occluded>0</occluded>
		<bndbox>
			<xmin>250</xmin>
			<xmax>363</xmax>
			<ymin>101</ymin>
			<ymax>228</ymax>
		</bndbox>
	</object>
</annotation>
