<annotation>
	<folder></folder>
	<filename>maksssksksss259_png.rf.36bc5907cba3fcc9b3460fdc2a7778e9.jpg</filename>
	<path>maksssksksss259_png.rf.36bc5907cba3fcc9b3460fdc2a7778e9.jpg</path>
	<source>
		<database>roboflow.ai</database>
	</source>
	<size>
		<width>416</width>
		<height>416</height>
		<depth>3</depth>
	</size>
	<segmented>0</segmented>
	<object>
		<name>with_mask</name>
		<pose>Unspecified</pose>
		<truncated>0</truncated>
		<difficult>0</difficult>
		<occluded>0</occluded>
		<bndbox>
			<xmin>94</xmin>
			<xmax>199</xmax>
			<ymin>222</ymin>
			<ymax>318</ymax>
		</bndbox>
	</object>
</annotation>
