<annotation>
	<folder></folder>
	<filename>maksssksksss304_png.rf.bc206b3c98b8ee23d9ea0ebdc1c7ef5e.jpg</filename>
	<path>maksssksksss304_png.rf.bc206b3c98b8ee23d9ea0ebdc1c7ef5e.jpg</path>
	<source>
		<database>roboflow.ai</database>
	</source>
	<size>
		<width>416</width>
		<height>416</height>
		<depth>3</depth>
	</size>
	<segmented>0</segmented>
	<object>
		<name>with_mask</name>
		<pose>Unspecified</pose>
		<truncated>0</truncated>
		<difficult>0</difficult>
		<occluded>0</occluded>
		<bndbox>
			<xmin>210</xmin>
			<xmax>256</xmax>
			<ymin>90</ymin>
			<ymax>152</ymax>
		</bndbox>
	</object>
	<object>
		<name>with_mask</name>
		<pose>Unspecified</pose>
		<truncated>0</truncated>
		<difficult>0</difficult>
		<occluded>0</occluded>
		<bndbox>
			<xmin>197</xmin>
			<xmax>233</xmax>
			<ymin>169</ymin>
			<ymax>221</ymax>
		</bndbox>
	</object>
</annotation>
