<annotation>
	<folder></folder>
	<filename>maksssksksss135_png.rf.4b30892b95c3ef06d8667752d33ede68.jpg</filename>
	<path>maksssksksss135_png.rf.4b30892b95c3ef06d8667752d33ede68.jpg</path>
	<source>
		<database>roboflow.ai</database>
	</source>
	<size>
		<width>416</width>
		<height>416</height>
		<depth>3</depth>
	</size>
	<segmented>0</segmented>
	<object>
		<name>with_mask</name>
		<pose>Unspecified</pose>
		<truncated>0</truncated>
		<difficult>0</difficult>
		<occluded>0</occluded>
		<bndbox>
			<xmin>51</xmin>
			<xmax>150</xmax>
			<ymin>290</ymin>
			<ymax>415</ymax>
		</bndbox>
	</object>
	<object>
		<name>with_mask</name>
		<pose>Unspecified</pose>
		<truncated>0</truncated>
		<difficult>0</difficult>
		<occluded>0</occluded>
		<bndbox>
			<xmin>157</xmin>
			<xmax>281</xmax>
			<ymin>123</ymin>
			<ymax>365</ymax>
		</bndbox>
	</object>
</annotation>
