<annotation>
	<folder></folder>
	<filename>maksssksksss298_png.rf.af77b9327776c57d844c5ae736ef3cb4.jpg</filename>
	<path>maksssksksss298_png.rf.af77b9327776c57d844c5ae736ef3cb4.jpg</path>
	<source>
		<database>roboflow.ai</database>
	</source>
	<size>
		<width>416</width>
		<height>416</height>
		<depth>3</depth>
	</size>
	<segmented>0</segmented>
	<object>
		<name>with_mask</name>
		<pose>Unspecified</pose>
		<truncated>0</truncated>
		<difficult>0</difficult>
		<occluded>0</occluded>
		<bndbox>
			<xmin>129</xmin>
			<xmax>217</xmax>
			<ymin>168</ymin>
			<ymax>312</ymax>
		</bndbox>
	</object>
	<object>
		<name>with_mask</name>
		<pose>Unspecified</pose>
		<truncated>0</truncated>
		<difficult>0</difficult>
		<occluded>0</occluded>
		<bndbox>
			<xmin>258</xmin>
			<xmax>337</xmax>
			<ymin>76</ymin>
			<ymax>206</ymax>
		</bndbox>
	</object>
</annotation>
