<annotation>
	<folder></folder>
	<filename>maksssksksss484_png.rf.fca523c02b14d6f8963804bdf189249f.jpg</filename>
	<path>maksssksksss484_png.rf.fca523c02b14d6f8963804bdf189249f.jpg</path>
	<source>
		<database>roboflow.ai</database>
	</source>
	<size>
		<width>416</width>
		<height>416</height>
		<depth>3</depth>
	</size>
	<segmented>0</segmented>
	<object>
		<name>mask_weared_incorrect</name>
		<pose>Unspecified</pose>
		<truncated>0</truncated>
		<difficult>0</difficult>
		<occluded>0</occluded>
		<bndbox>
			<xmin>127</xmin>
			<xmax>219</xmax>
			<ymin>54</ymin>
			<ymax>120</ymax>
		</bndbox>
	</object>
</annotation>
