<annotation>
	<folder></folder>
	<filename>maksssksksss348_png.rf.6ce856f64d8c9a59018a35346044c21d.jpg</filename>
	<path>maksssksksss348_png.rf.6ce856f64d8c9a59018a35346044c21d.jpg</path>
	<source>
		<database>roboflow.ai</database>
	</source>
	<size>
		<width>416</width>
		<height>416</height>
		<depth>3</depth>
	</size>
	<segmented>0</segmented>
	<object>
		<name>without_mask</name>
		<pose>Unspecified</pose>
		<truncated>0</truncated>
		<difficult>0</difficult>
		<occluded>0</occluded>
		<bndbox>
			<xmin>119</xmin>
			<xmax>260</xmax>
			<ymin>197</ymin>
			<ymax>316</ymax>
		</bndbox>
	</object>
</annotation>
