<annotation>
	<folder></folder>
	<filename>maksssksksss430_png.rf.28496b47f5724475ae265e22e8f21b47.jpg</filename>
	<path>maksssksksss430_png.rf.28496b47f5724475ae265e22e8f21b47.jpg</path>
	<source>
		<database>roboflow.ai</database>
	</source>
	<size>
		<width>416</width>
		<height>416</height>
		<depth>3</depth>
	</size>
	<segmented>0</segmented>
	<object>
		<name>with_mask</name>
		<pose>Unspecified</pose>
		<truncated>0</truncated>
		<difficult>0</difficult>
		<occluded>0</occluded>
		<bndbox>
			<xmin>116</xmin>
			<xmax>183</xmax>
			<ymin>121</ymin>
			<ymax>200</ymax>
		</bndbox>
	</object>
	<object>
		<name>with_mask</name>
		<pose>Unspecified</pose>
		<truncated>0</truncated>
		<difficult>0</difficult>
		<occluded>0</occluded>
		<bndbox>
			<xmin>229</xmin>
			<xmax>306</xmax>
			<ymin>101</ymin>
			<ymax>184</ymax>
		</bndbox>
	</object>
</annotation>
