<annotation>
	<folder></folder>
	<filename>maksssksksss560_png.rf.fe2d81ecf4d19218d0be1f74a9914bed.jpg</filename>
	<path>maksssksksss560_png.rf.fe2d81ecf4d19218d0be1f74a9914bed.jpg</path>
	<source>
		<database>roboflow.ai</database>
	</source>
	<size>
		<width>416</width>
		<height>416</height>
		<depth>3</depth>
	</size>
	<segmented>0</segmented>
	<object>
		<name>with_mask</name>
		<pose>Unspecified</pose>
		<truncated>0</truncated>
		<difficult>0</difficult>
		<occluded>0</occluded>
		<bndbox>
			<xmin>186</xmin>
			<xmax>228</xmax>
			<ymin>196</ymin>
			<ymax>257</ymax>
		</bndbox>
	</object>
</annotation>
