<annotation>
	<folder></folder>
	<filename>maksssksksss195_png.rf.a7894eb065f2f3b460ff7747233747ba.jpg</filename>
	<path>maksssksksss195_png.rf.a7894eb065f2f3b460ff7747233747ba.jpg</path>
	<source>
		<database>roboflow.ai</database>
	</source>
	<size>
		<width>416</width>
		<height>416</height>
		<depth>3</depth>
	</size>
	<segmented>0</segmented>
	<object>
		<name>with_mask</name>
		<pose>Unspecified</pose>
		<truncated>0</truncated>
		<difficult>0</difficult>
		<occluded>0</occluded>
		<bndbox>
			<xmin>126</xmin>
			<xmax>317</xmax>
			<ymin>151</ymin>
			<ymax>370</ymax>
		</bndbox>
	</object>
</annotation>
