<annotation>
	<folder></folder>
	<filename>maksssksksss337_png.rf.49ed10a102d6f9dc5434bce7f3e7d591.jpg</filename>
	<path>maksssksksss337_png.rf.49ed10a102d6f9dc5434bce7f3e7d591.jpg</path>
	<source>
		<database>roboflow.ai</database>
	</source>
	<size>
		<width>416</width>
		<height>416</height>
		<depth>3</depth>
	</size>
	<segmented>0</segmented>
	<object>
		<name>with_mask</name>
		<pose>Unspecified</pose>
		<truncated>0</truncated>
		<difficult>0</difficult>
		<occluded>0</occluded>
		<bndbox>
			<xmin>194</xmin>
			<xmax>244</xmax>
			<ymin>33</ymin>
			<ymax>73</ymax>
		</bndbox>
	</object>
</annotation>
