<annotation>
	<folder></folder>
	<filename>maksssksksss343_png.rf.92df3e23fbef9971fce19cf1aef428f5.jpg</filename>
	<path>maksssksksss343_png.rf.92df3e23fbef9971fce19cf1aef428f5.jpg</path>
	<source>
		<database>roboflow.ai</database>
	</source>
	<size>
		<width>416</width>
		<height>416</height>
		<depth>3</depth>
	</size>
	<segmented>0</segmented>
	<object>
		<name>without_mask</name>
		<pose>Unspecified</pose>
		<truncated>0</truncated>
		<difficult>0</difficult>
		<occluded>0</occluded>
		<bndbox>
			<xmin>117</xmin>
			<xmax>320</xmax>
			<ymin>137</ymin>
			<ymax>296</ymax>
		</bndbox>
	</object>
</annotation>
