<annotation>
	<folder></folder>
	<filename>maksssksksss239_png.rf.b80faea4b00b81705ab95cc87ca04347.jpg</filename>
	<path>maksssksksss239_png.rf.b80faea4b00b81705ab95cc87ca04347.jpg</path>
	<source>
		<database>roboflow.ai</database>
	</source>
	<size>
		<width>416</width>
		<height>416</height>
		<depth>3</depth>
	</size>
	<segmented>0</segmented>
	<object>
		<name>without_mask</name>
		<pose>Unspecified</pose>
		<truncated>0</truncated>
		<difficult>0</difficult>
		<occluded>0</occluded>
		<bndbox>
			<xmin>125</xmin>
			<xmax>261</xmax>
			<ymin>216</ymin>
			<ymax>330</ymax>
		</bndbox>
	</object>
</annotation>
