<annotation>
	<folder></folder>
	<filename>maksssksksss179_png.rf.7c61f0be40d4f0e0a764663483f8840a.jpg</filename>
	<path>maksssksksss179_png.rf.7c61f0be40d4f0e0a764663483f8840a.jpg</path>
	<source>
		<database>roboflow.ai</database>
	</source>
	<size>
		<width>416</width>
		<height>416</height>
		<depth>3</depth>
	</size>
	<segmented>0</segmented>
	<object>
		<name>with_mask</name>
		<pose>Unspecified</pose>
		<truncated>0</truncated>
		<difficult>0</difficult>
		<occluded>0</occluded>
		<bndbox>
			<xmin>177</xmin>
			<xmax>207</xmax>
			<ymin>40</ymin>
			<ymax>88</ymax>
		</bndbox>
	</object>
	<object>
		<name>with_mask</name>
		<pose>Unspecified</pose>
		<truncated>0</truncated>
		<difficult>0</difficult>
		<occluded>0</occluded>
		<bndbox>
			<xmin>47</xmin>
			<xmax>64</xmax>
			<ymin>88</ymin>
			<ymax>118</ymax>
		</bndbox>
	</object>
	<object>
		<name>without_mask</name>
		<pose>Unspecified</pose>
		<truncated>0</truncated>
		<difficult>0</difficult>
		<occluded>0</occluded>
		<bndbox>
			<xmin>49</xmin>
			<xmax>66</xmax>
			<ymin>126</ymin>
			<ymax>154</ymax>
		</bndbox>
	</object>
	<object>
		<name>without_mask</name>
		<pose>Unspecified</pose>
		<truncated>0</truncated>
		<difficult>0</difficult>
		<occluded>0</occluded>
		<bndbox>
			<xmin>93</xmin>
			<xmax>121</xmax>
			<ymin>82</ymin>
			<ymax>118</ymax>
		</bndbox>
	</object>
</annotation>
