<annotation>
	<folder></folder>
	<filename>maksssksksss55_png.rf.6130222e4bf26a8aab15945d7d1ee7b1.jpg</filename>
	<path>maksssksksss55_png.rf.6130222e4bf26a8aab15945d7d1ee7b1.jpg</path>
	<source>
		<database>roboflow.ai</database>
	</source>
	<size>
		<width>416</width>
		<height>416</height>
		<depth>3</depth>
	</size>
	<segmented>0</segmented>
	<object>
		<name>with_mask</name>
		<pose>Unspecified</pose>
		<truncated>0</truncated>
		<difficult>0</difficult>
		<occluded>0</occluded>
		<bndbox>
			<xmin>160</xmin>
			<xmax>323</xmax>
			<ymin>147</ymin>
			<ymax>303</ymax>
		</bndbox>
	</object>
</annotation>
