<annotation>
	<folder></folder>
	<filename>maksssksksss100_png.rf.f70d84bb4f99eb867edb306781dc2bb2.jpg</filename>
	<path>maksssksksss100_png.rf.f70d84bb4f99eb867edb306781dc2bb2.jpg</path>
	<source>
		<database>roboflow.ai</database>
	</source>
	<size>
		<width>416</width>
		<height>416</height>
		<depth>3</depth>
	</size>
	<segmented>0</segmented>
	<object>
		<name>with_mask</name>
		<pose>Unspecified</pose>
		<truncated>0</truncated>
		<difficult>0</difficult>
		<occluded>0</occluded>
		<bndbox>
			<xmin>197</xmin>
			<xmax>255</xmax>
			<ymin>55</ymin>
			<ymax>162</ymax>
		</bndbox>
	</object>
	<object>
		<name>with_mask</name>
		<pose>Unspecified</pose>
		<truncated>0</truncated>
		<difficult>0</difficult>
		<occluded>0</occluded>
		<bndbox>
			<xmin>402</xmin>
			<xmax>416</xmax>
			<ymin>99</ymin>
			<ymax>137</ymax>
		</bndbox>
	</object>
	<object>
		<name>with_mask</name>
		<pose>Unspecified</pose>
		<truncated>0</truncated>
		<difficult>0</difficult>
		<occluded>0</occluded>
		<bndbox>
			<xmin>123</xmin>
			<xmax>170</xmax>
			<ymin>159</ymin>
			<ymax>231</ymax>
		</bndbox>
	</object>
</annotation>
