<annotation>
	<folder></folder>
	<filename>maksssksksss420_png.rf.fc91612c67b7dff30e1946ff4cc7cf3a.jpg</filename>
	<path>maksssksksss420_png.rf.fc91612c67b7dff30e1946ff4cc7cf3a.jpg</path>
	<source>
		<database>roboflow.ai</database>
	</source>
	<size>
		<width>416</width>
		<height>416</height>
		<depth>3</depth>
	</size>
	<segmented>0</segmented>
	<object>
		<name>without_mask</name>
		<pose>Unspecified</pose>
		<truncated>0</truncated>
		<difficult>0</difficult>
		<occluded>0</occluded>
		<bndbox>
			<xmin>132</xmin>
			<xmax>272</xmax>
			<ymin>178</ymin>
			<ymax>293</ymax>
		</bndbox>
	</object>
</annotation>
