<annotation>
	<folder></folder>
	<filename>maksssksksss321_png.rf.664dfd6fa192fd7cb55e6d64b1b29943.jpg</filename>
	<path>maksssksksss321_png.rf.664dfd6fa192fd7cb55e6d64b1b29943.jpg</path>
	<source>
		<database>roboflow.ai</database>
	</source>
	<size>
		<width>416</width>
		<height>416</height>
		<depth>3</depth>
	</size>
	<segmented>0</segmented>
	<object>
		<name>without_mask</name>
		<pose>Unspecified</pose>
		<truncated>0</truncated>
		<difficult>0</difficult>
		<occluded>0</occluded>
		<bndbox>
			<xmin>177</xmin>
			<xmax>220</xmax>
			<ymin>163</ymin>
			<ymax>289</ymax>
		</bndbox>
	</object>
	<object>
		<name>with_mask</name>
		<pose>Unspecified</pose>
		<truncated>0</truncated>
		<difficult>0</difficult>
		<occluded>0</occluded>
		<bndbox>
			<xmin>224</xmin>
			<xmax>292</xmax>
			<ymin>139</ymin>
			<ymax>301</ymax>
		</bndbox>
	</object>
</annotation>
