<annotation>
	<folder></folder>
	<filename>maksssksksss465_png.rf.9bc8b32f587edef2ebe76a2855d5b0bf.jpg</filename>
	<path>maksssksksss465_png.rf.9bc8b32f587edef2ebe76a2855d5b0bf.jpg</path>
	<source>
		<database>roboflow.ai</database>
	</source>
	<size>
		<width>416</width>
		<height>416</height>
		<depth>3</depth>
	</size>
	<segmented>0</segmented>
	<object>
		<name>with_mask</name>
		<pose>Unspecified</pose>
		<truncated>0</truncated>
		<difficult>0</difficult>
		<occluded>0</occluded>
		<bndbox>
			<xmin>240</xmin>
			<xmax>309</xmax>
			<ymin>58</ymin>
			<ymax>177</ymax>
		</bndbox>
	</object>
</annotation>
