<annotation>
	<folder></folder>
	<filename>maksssksksss269_png.rf.625452bfece819cb7b729e93639395ea.jpg</filename>
	<path>maksssksksss269_png.rf.625452bfece819cb7b729e93639395ea.jpg</path>
	<source>
		<database>roboflow.ai</database>
	</source>
	<size>
		<width>416</width>
		<height>416</height>
		<depth>3</depth>
	</size>
	<segmented>0</segmented>
	<object>
		<name>with_mask</name>
		<pose>Unspecified</pose>
		<truncated>0</truncated>
		<difficult>0</difficult>
		<occluded>0</occluded>
		<bndbox>
			<xmin>81</xmin>
			<xmax>238</xmax>
			<ymin>113</ymin>
			<ymax>333</ymax>
		</bndbox>
	</object>
	<object>
		<name>with_mask</name>
		<pose>Unspecified</pose>
		<truncated>0</truncated>
		<difficult>0</difficult>
		<occluded>0</occluded>
		<bndbox>
			<xmin>277</xmin>
			<xmax>389</xmax>
			<ymin>135</ymin>
			<ymax>299</ymax>
		</bndbox>
	</object>
</annotation>
