<annotation>
	<folder></folder>
	<filename>maksssksksss273_png.rf.fdd60590aa74218c2228f35e5c2857ac.jpg</filename>
	<path>maksssksksss273_png.rf.fdd60590aa74218c2228f35e5c2857ac.jpg</path>
	<source>
		<database>roboflow.ai</database>
	</source>
	<size>
		<width>416</width>
		<height>416</height>
		<depth>3</depth>
	</size>
	<segmented>0</segmented>
	<object>
		<name>with_mask</name>
		<pose>Unspecified</pose>
		<truncated>0</truncated>
		<difficult>0</difficult>
		<occluded>0</occluded>
		<bndbox>
			<xmin>112</xmin>
			<xmax>258</xmax>
			<ymin>149</ymin>
			<ymax>288</ymax>
		</bndbox>
	</object>
</annotation>
