<annotation>
	<folder></folder>
	<filename>maksssksksss56_png.rf.3c1f68908214c392678889e7a9da8bf7.jpg</filename>
	<path>maksssksksss56_png.rf.3c1f68908214c392678889e7a9da8bf7.jpg</path>
	<source>
		<database>roboflow.ai</database>
	</source>
	<size>
		<width>416</width>
		<height>416</height>
		<depth>3</depth>
	</size>
	<segmented>0</segmented>
	<object>
		<name>with_mask</name>
		<pose>Unspecified</pose>
		<truncated>0</truncated>
		<difficult>0</difficult>
		<occluded>0</occluded>
		<bndbox>
			<xmin>199</xmin>
			<xmax>268</xmax>
			<ymin>163</ymin>
			<ymax>285</ymax>
		</bndbox>
	</object>
</annotation>
