<annotation>
	<folder></folder>
	<filename>maksssksksss505_png.rf.d72eb3ac12d8a43468d54b442516a5c2.jpg</filename>
	<path>maksssksksss505_png.rf.d72eb3ac12d8a43468d54b442516a5c2.jpg</path>
	<source>
		<database>roboflow.ai</database>
	</source>
	<size>
		<width>416</width>
		<height>416</height>
		<depth>3</depth>
	</size>
	<segmented>0</segmented>
	<object>
		<name>with_mask</name>
		<pose>Unspecified</pose>
		<truncated>0</truncated>
		<difficult>0</difficult>
		<occluded>0</occluded>
		<bndbox>
			<xmin>93</xmin>
			<xmax>264</xmax>
			<ymin>111</ymin>
			<ymax>227</ymax>
		</bndbox>
	</object>
</annotation>
