<annotation>
	<folder></folder>
	<filename>maksssksksss548_png.rf.561dd909df866d4dbd7dc0c2c36f02d0.jpg</filename>
	<path>maksssksksss548_png.rf.561dd909df866d4dbd7dc0c2c36f02d0.jpg</path>
	<source>
		<database>roboflow.ai</database>
	</source>
	<size>
		<width>416</width>
		<height>416</height>
		<depth>3</depth>
	</size>
	<segmented>0</segmented>
	<object>
		<name>with_mask</name>
		<pose>Unspecified</pose>
		<truncated>0</truncated>
		<difficult>0</difficult>
		<occluded>0</occluded>
		<bndbox>
			<xmin>193</xmin>
			<xmax>224</xmax>
			<ymin>109</ymin>
			<ymax>152</ymax>
		</bndbox>
	</object>
	<object>
		<name>without_mask</name>
		<pose>Unspecified</pose>
		<truncated>0</truncated>
		<difficult>0</difficult>
		<occluded>0</occluded>
		<bndbox>
			<xmin>266</xmin>
			<xmax>284</xmax>
			<ymin>91</ymin>
			<ymax>118</ymax>
		</bndbox>
	</object>
</annotation>
