<annotation>
	<folder></folder>
	<filename>maksssksksss549_png.rf.a3b88e5d0b6a68e5478623097bdafc67.jpg</filename>
	<path>maksssksksss549_png.rf.a3b88e5d0b6a68e5478623097bdafc67.jpg</path>
	<source>
		<database>roboflow.ai</database>
	</source>
	<size>
		<width>416</width>
		<height>416</height>
		<depth>3</depth>
	</size>
	<segmented>0</segmented>
	<object>
		<name>with_mask</name>
		<pose>Unspecified</pose>
		<truncated>0</truncated>
		<difficult>0</difficult>
		<occluded>0</occluded>
		<bndbox>
			<xmin>151</xmin>
			<xmax>188</xmax>
			<ymin>144</ymin>
			<ymax>194</ymax>
		</bndbox>
	</object>
</annotation>
