<annotation>
	<folder></folder>
	<filename>maksssksksss417_png.rf.b0eaa512f4ea75ac405e1a46c1df7821.jpg</filename>
	<path>maksssksksss417_png.rf.b0eaa512f4ea75ac405e1a46c1df7821.jpg</path>
	<source>
		<database>roboflow.ai</database>
	</source>
	<size>
		<width>416</width>
		<height>416</height>
		<depth>3</depth>
	</size>
	<segmented>0</segmented>
	<object>
		<name>with_mask</name>
		<pose>Unspecified</pose>
		<truncated>0</truncated>
		<difficult>0</difficult>
		<occluded>0</occluded>
		<bndbox>
			<xmin>159</xmin>
			<xmax>300</xmax>
			<ymin>208</ymin>
			<ymax>351</ymax>
		</bndbox>
	</object>
</annotation>
