<annotation>
	<folder></folder>
	<filename>maksssksksss133_png.rf.85f15e801cf43c8ceed2573feed83d23.jpg</filename>
	<path>maksssksksss133_png.rf.85f15e801cf43c8ceed2573feed83d23.jpg</path>
	<source>
		<database>roboflow.ai</database>
	</source>
	<size>
		<width>416</width>
		<height>416</height>
		<depth>3</depth>
	</size>
	<segmented>0</segmented>
	<object>
		<name>with_mask</name>
		<pose>Unspecified</pose>
		<truncated>0</truncated>
		<difficult>0</difficult>
		<occluded>0</occluded>
		<bndbox>
			<xmin>138</xmin>
			<xmax>305</xmax>
			<ymin>186</ymin>
			<ymax>331</ymax>
		</bndbox>
	</object>
</annotation>
