<annotation>
	<folder></folder>
	<filename>maksssksksss508_png.rf.9490798d0aac9b7e3621f9170b992d51.jpg</filename>
	<path>maksssksksss508_png.rf.9490798d0aac9b7e3621f9170b992d51.jpg</path>
	<source>
		<database>roboflow.ai</database>
	</source>
	<size>
		<width>416</width>
		<height>416</height>
		<depth>3</depth>
	</size>
	<segmented>0</segmented>
	<object>
		<name>with_mask</name>
		<pose>Unspecified</pose>
		<truncated>0</truncated>
		<difficult>0</difficult>
		<occluded>0</occluded>
		<bndbox>
			<xmin>72</xmin>
			<xmax>152</xmax>
			<ymin>166</ymin>
			<ymax>299</ymax>
		</bndbox>
	</object>
	<object>
		<name>with_mask</name>
		<pose>Unspecified</pose>
		<truncated>0</truncated>
		<difficult>0</difficult>
		<occluded>0</occluded>
		<bndbox>
			<xmin>204</xmin>
			<xmax>264</xmax>
			<ymin>65</ymin>
			<ymax>178</ymax>
		</bndbox>
	</object>
	<object>
		<name>with_mask</name>
		<pose>Unspecified</pose>
		<truncated>0</truncated>
		<difficult>0</difficult>
		<occluded>0</occluded>
		<bndbox>
			<xmin>263</xmin>
			<xmax>332</xmax>
			<ymin>155</ymin>
			<ymax>284</ymax>
		</bndbox>
	</object>
	<object>
		<name>with_mask</name>
		<pose>Unspecified</pose>
		<truncated>0</truncated>
		<difficult>0</difficult>
		<occluded>0</occluded>
		<bndbox>
			<xmin>339</xmin>
			<xmax>377</xmax>
			<ymin>133</ymin>
			<ymax>209</ymax>
		</bndbox>
	</object>
</annotation>
