<annotation>
	<folder></folder>
	<filename>maksssksksss350_png.rf.bbe97a9c529b5edaab3540358c19efd8.jpg</filename>
	<path>maksssksksss350_png.rf.bbe97a9c529b5edaab3540358c19efd8.jpg</path>
	<source>
		<database>roboflow.ai</database>
	</source>
	<size>
		<width>416</width>
		<height>416</height>
		<depth>3</depth>
	</size>
	<segmented>0</segmented>
	<object>
		<name>with_mask</name>
		<pose>Unspecified</pose>
		<truncated>0</truncated>
		<difficult>0</difficult>
		<occluded>0</occluded>
		<bndbox>
			<xmin>117</xmin>
			<xmax>139</xmax>
			<ymin>99</ymin>
			<ymax>134</ymax>
		</bndbox>
	</object>
	<object>
		<name>with_mask</name>
		<pose>Unspecified</pose>
		<truncated>0</truncated>
		<difficult>0</difficult>
		<occluded>0</occluded>
		<bndbox>
			<xmin>282</xmin>
			<xmax>310</xmax>
			<ymin>49</ymin>
			<ymax>90</ymax>
		</bndbox>
	</object>
</annotation>
