<annotation>
	<folder></folder>
	<filename>maksssksksss493_png.rf.0ab930e3ac3a092590f9562ef9cfb475.jpg</filename>
	<path>maksssksksss493_png.rf.0ab930e3ac3a092590f9562ef9cfb475.jpg</path>
	<source>
		<database>roboflow.ai</database>
	</source>
	<size>
		<width>416</width>
		<height>416</height>
		<depth>3</depth>
	</size>
	<segmented>0</segmented>
	<object>
		<name>with_mask</name>
		<pose>Unspecified</pose>
		<truncated>0</truncated>
		<difficult>0</difficult>
		<occluded>0</occluded>
		<bndbox>
			<xmin>85</xmin>
			<xmax>251</xmax>
			<ymin>172</ymin>
			<ymax>328</ymax>
		</bndbox>
	</object>
</annotation>
