<annotation>
	<folder></folder>
	<filename>maksssksksss198_png.rf.e79edd07b818fb2852602b6357a8716d.jpg</filename>
	<path>maksssksksss198_png.rf.e79edd07b818fb2852602b6357a8716d.jpg</path>
	<source>
		<database>roboflow.ai</database>
	</source>
	<size>
		<width>416</width>
		<height>416</height>
		<depth>3</depth>
	</size>
	<segmented>0</segmented>
	<object>
		<name>with_mask</name>
		<pose>Unspecified</pose>
		<truncated>0</truncated>
		<difficult>0</difficult>
		<occluded>0</occluded>
		<bndbox>
			<xmin>123</xmin>
			<xmax>307</xmax>
			<ymin>35</ymin>
			<ymax>340</ymax>
		</bndbox>
	</object>
</annotation>
