<annotation>
	<folder></folder>
	<filename>maksssksksss480_png.rf.d37e2d6d03d16420cfd04ef8f3bf4492.jpg</filename>
	<path>maksssksksss480_png.rf.d37e2d6d03d16420cfd04ef8f3bf4492.jpg</path>
	<source>
		<database>roboflow.ai</database>
	</source>
	<size>
		<width>416</width>
		<height>416</height>
		<depth>3</depth>
	</size>
	<segmented>0</segmented>
	<object>
		<name>with_mask</name>
		<pose>Unspecified</pose>
		<truncated>0</truncated>
		<difficult>0</difficult>
		<occluded>0</occluded>
		<bndbox>
			<xmin>184</xmin>
			<xmax>336</xmax>
			<ymin>197</ymin>
			<ymax>355</ymax>
		</bndbox>
	</object>
</annotation>
