<annotation>
	<folder></folder>
	<filename>maksssksksss609_png.rf.cf2217bc6646b78642342d4addf2ba60.jpg</filename>
	<path>maksssksksss609_png.rf.cf2217bc6646b78642342d4addf2ba60.jpg</path>
	<source>
		<database>roboflow.ai</database>
	</source>
	<size>
		<width>416</width>
		<height>416</height>
		<depth>3</depth>
	</size>
	<segmented>0</segmented>
	<object>
		<name>without_mask</name>
		<pose>Unspecified</pose>
		<truncated>0</truncated>
		<difficult>0</difficult>
		<occluded>0</occluded>
		<bndbox>
			<xmin>125</xmin>
			<xmax>330</xmax>
			<ymin>107</ymin>
			<ymax>276</ymax>
		</bndbox>
	</object>
</annotation>
