<annotation>
	<folder></folder>
	<filename>maksssksksss120_png.rf.136562d4d79fd2f66b690e3e66230024.jpg</filename>
	<path>maksssksksss120_png.rf.136562d4d79fd2f66b690e3e66230024.jpg</path>
	<source>
		<database>roboflow.ai</database>
	</source>
	<size>
		<width>416</width>
		<height>416</height>
		<depth>3</depth>
	</size>
	<segmented>0</segmented>
	<object>
		<name>with_mask</name>
		<pose>Unspecified</pose>
		<truncated>0</truncated>
		<difficult>0</difficult>
		<occluded>0</occluded>
		<bndbox>
			<xmin>81</xmin>
			<xmax>253</xmax>
			<ymin>193</ymin>
			<ymax>350</ymax>
		</bndbox>
	</object>
</annotation>
