<annotation>
	<folder></folder>
	<filename>maksssksksss213_png.rf.7269cb23be1718e65569a8dea092edfa.jpg</filename>
	<path>maksssksksss213_png.rf.7269cb23be1718e65569a8dea092edfa.jpg</path>
	<source>
		<database>roboflow.ai</database>
	</source>
	<size>
		<width>416</width>
		<height>416</height>
		<depth>3</depth>
	</size>
	<segmented>0</segmented>
	<object>
		<name>with_mask</name>
		<pose>Unspecified</pose>
		<truncated>0</truncated>
		<difficult>0</difficult>
		<occluded>0</occluded>
		<bndbox>
			<xmin>87</xmin>
			<xmax>240</xmax>
			<ymin>191</ymin>
			<ymax>326</ymax>
		</bndbox>
	</object>
</annotation>
