<annotation>
	<folder></folder>
	<filename>maksssksksss186_png.rf.86684ec77a41044f5aa93d8ea83a1f75.jpg</filename>
	<path>maksssksksss186_png.rf.86684ec77a41044f5aa93d8ea83a1f75.jpg</path>
	<source>
		<database>roboflow.ai</database>
	</source>
	<size>
		<width>416</width>
		<height>416</height>
		<depth>3</depth>
	</size>
	<segmented>0</segmented>
	<object>
		<name>with_mask</name>
		<pose>Unspecified</pose>
		<truncated>0</truncated>
		<difficult>0</difficult>
		<occluded>0</occluded>
		<bndbox>
			<xmin>135</xmin>
			<xmax>210</xmax>
			<ymin>58</ymin>
			<ymax>124</ymax>
		</bndbox>
	</object>
</annotation>
