<annotation>
	<folder></folder>
	<filename>maksssksksss153_png.rf.517a66449482f402d6bbd34f3a90627d.jpg</filename>
	<path>maksssksksss153_png.rf.517a66449482f402d6bbd34f3a90627d.jpg</path>
	<source>
		<database>roboflow.ai</database>
	</source>
	<size>
		<width>416</width>
		<height>416</height>
		<depth>3</depth>
	</size>
	<segmented>0</segmented>
	<object>
		<name>with_mask</name>
		<pose>Unspecified</pose>
		<truncated>0</truncated>
		<difficult>0</difficult>
		<occluded>0</occluded>
		<bndbox>
			<xmin>93</xmin>
			<xmax>117</xmax>
			<ymin>32</ymin>
			<ymax>68</ymax>
		</bndbox>
	</object>
	<object>
		<name>without_mask</name>
		<pose>Unspecified</pose>
		<truncated>0</truncated>
		<difficult>0</difficult>
		<occluded>0</occluded>
		<bndbox>
			<xmin>301</xmin>
			<xmax>324</xmax>
			<ymin>32</ymin>
			<ymax>68</ymax>
		</bndbox>
	</object>
</annotation>
