<annotation>
	<folder></folder>
	<filename>maksssksksss4_png.rf.c862ee96915f5d3d272e79fa4dcd6687.jpg</filename>
	<path>maksssksksss4_png.rf.c862ee96915f5d3d272e79fa4dcd6687.jpg</path>
	<source>
		<database>roboflow.ai</database>
	</source>
	<size>
		<width>416</width>
		<height>416</height>
		<depth>3</depth>
	</size>
	<segmented>0</segmented>
	<object>
		<name>with_mask</name>
		<pose>Unspecified</pose>
		<truncated>0</truncated>
		<difficult>0</difficult>
		<occluded>0</occluded>
		<bndbox>
			<xmin>96</xmin>
			<xmax>243</xmax>
			<ymin>192</ymin>
			<ymax>334</ymax>
		</bndbox>
	</object>
</annotation>
