<annotation>
	<folder></folder>
	<filename>maksssksksss20_png.rf.ece1af242c00b833d80416f603503107.jpg</filename>
	<path>maksssksksss20_png.rf.ece1af242c00b833d80416f603503107.jpg</path>
	<source>
		<database>roboflow.ai</database>
	</source>
	<size>
		<width>416</width>
		<height>416</height>
		<depth>3</depth>
	</size>
	<segmented>0</segmented>
	<object>
		<name>with_mask</name>
		<pose>Unspecified</pose>
		<truncated>0</truncated>
		<difficult>0</difficult>
		<occluded>0</occluded>
		<bndbox>
			<xmin>144</xmin>
			<xmax>238</xmax>
			<ymin>62</ymin>
			<ymax>129</ymax>
		</bndbox>
	</object>
</annotation>
