<annotation>
	<folder></folder>
	<filename>maksssksksss210_png.rf.a0b16f90f670807093018660f0d0d2a7.jpg</filename>
	<path>maksssksksss210_png.rf.a0b16f90f670807093018660f0d0d2a7.jpg</path>
	<source>
		<database>roboflow.ai</database>
	</source>
	<size>
		<width>416</width>
		<height>416</height>
		<depth>3</depth>
	</size>
	<segmented>0</segmented>
	<object>
		<name>with_mask</name>
		<pose>Unspecified</pose>
		<truncated>0</truncated>
		<difficult>0</difficult>
		<occluded>0</occluded>
		<bndbox>
			<xmin>127</xmin>
			<xmax>283</xmax>
			<ymin>211</ymin>
			<ymax>370</ymax>
		</bndbox>
	</object>
</annotation>
