<annotation>
	<folder></folder>
	<filename>maksssksksss219_png.rf.38b6f0136018e4a7a45f5658f08ecce2.jpg</filename>
	<path>maksssksksss219_png.rf.38b6f0136018e4a7a45f5658f08ecce2.jpg</path>
	<source>
		<database>roboflow.ai</database>
	</source>
	<size>
		<width>416</width>
		<height>416</height>
		<depth>3</depth>
	</size>
	<segmented>0</segmented>
	<object>
		<name>with_mask</name>
		<pose>Unspecified</pose>
		<truncated>0</truncated>
		<difficult>0</difficult>
		<occluded>0</occluded>
		<bndbox>
			<xmin>125</xmin>
			<xmax>191</xmax>
			<ymin>190</ymin>
			<ymax>302</ymax>
		</bndbox>
	</object>
	<object>
		<name>with_mask</name>
		<pose>Unspecified</pose>
		<truncated>0</truncated>
		<difficult>0</difficult>
		<occluded>0</occluded>
		<bndbox>
			<xmin>276</xmin>
			<xmax>336</xmax>
			<ymin>143</ymin>
			<ymax>235</ymax>
		</bndbox>
	</object>
</annotation>
