<annotation>
	<folder></folder>
	<filename>maksssksksss150_png.rf.3f9e9f1966a4ec45627de9d70bc34b49.jpg</filename>
	<path>maksssksksss150_png.rf.3f9e9f1966a4ec45627de9d70bc34b49.jpg</path>
	<source>
		<database>roboflow.ai</database>
	</source>
	<size>
		<width>416</width>
		<height>416</height>
		<depth>3</depth>
	</size>
	<segmented>0</segmented>
	<object>
		<name>with_mask</name>
		<pose>Unspecified</pose>
		<truncated>0</truncated>
		<difficult>0</difficult>
		<occluded>0</occluded>
		<bndbox>
			<xmin>83</xmin>
			<xmax>226</xmax>
			<ymin>142</ymin>
			<ymax>271</ymax>
		</bndbox>
	</object>
</annotation>
