<annotation>
	<folder></folder>
	<filename>maksssksksss33_png.rf.d4a9c0b156adb90df678351bf8573653.jpg</filename>
	<path>maksssksksss33_png.rf.d4a9c0b156adb90df678351bf8573653.jpg</path>
	<source>
		<database>roboflow.ai</database>
	</source>
	<size>
		<width>416</width>
		<height>416</height>
		<depth>3</depth>
	</size>
	<segmented>0</segmented>
	<object>
		<name>with_mask</name>
		<pose>Unspecified</pose>
		<truncated>0</truncated>
		<difficult>0</difficult>
		<occluded>0</occluded>
		<bndbox>
			<xmin>189</xmin>
			<xmax>237</xmax>
			<ymin>49</ymin>
			<ymax>78</ymax>
		</bndbox>
	</object>
</annotation>
