<annotation>
	<folder></folder>
	<filename>maksssksksss426_png.rf.ddf7cf1f56fb3902f801badca73ff00f.jpg</filename>
	<path>maksssksksss426_png.rf.ddf7cf1f56fb3902f801badca73ff00f.jpg</path>
	<source>
		<database>roboflow.ai</database>
	</source>
	<size>
		<width>416</width>
		<height>416</height>
		<depth>3</depth>
	</size>
	<segmented>0</segmented>
	<object>
		<name>with_mask</name>
		<pose>Unspecified</pose>
		<truncated>0</truncated>
		<difficult>0</difficult>
		<occluded>0</occluded>
		<bndbox>
			<xmin>160</xmin>
			<xmax>326</xmax>
			<ymin>121</ymin>
			<ymax>384</ymax>
		</bndbox>
	</object>
</annotation>
