<annotation>
	<folder></folder>
	<filename>maksssksksss31_png.rf.69caa95b273bea72b617f50239894f74.jpg</filename>
	<path>maksssksksss31_png.rf.69caa95b273bea72b617f50239894f74.jpg</path>
	<source>
		<database>roboflow.ai</database>
	</source>
	<size>
		<width>416</width>
		<height>416</height>
		<depth>3</depth>
	</size>
	<segmented>0</segmented>
	<object>
		<name>with_mask</name>
		<pose>Unspecified</pose>
		<truncated>0</truncated>
		<difficult>0</difficult>
		<occluded>0</occluded>
		<bndbox>
			<xmin>217</xmin>
			<xmax>289</xmax>
			<ymin>140</ymin>
			<ymax>257</ymax>
		</bndbox>
	</object>
	<object>
		<name>with_mask</name>
		<pose>Unspecified</pose>
		<truncated>0</truncated>
		<difficult>0</difficult>
		<occluded>0</occluded>
		<bndbox>
			<xmin>150</xmin>
			<xmax>210</xmax>
			<ymin>93</ymin>
			<ymax>210</ymax>
		</bndbox>
	</object>
</annotation>
