<annotation>
	<folder></folder>
	<filename>maksssksksss143_png.rf.5715b9744f5bb5136103232dc7906065.jpg</filename>
	<path>maksssksksss143_png.rf.5715b9744f5bb5136103232dc7906065.jpg</path>
	<source>
		<database>roboflow.ai</database>
	</source>
	<size>
		<width>416</width>
		<height>416</height>
		<depth>3</depth>
	</size>
	<segmented>0</segmented>
	<object>
		<name>with_mask</name>
		<pose>Unspecified</pose>
		<truncated>0</truncated>
		<difficult>0</difficult>
		<occluded>0</occluded>
		<bndbox>
			<xmin>141</xmin>
			<xmax>268</xmax>
			<ymin>208</ymin>
			<ymax>346</ymax>
		</bndbox>
	</object>
</annotation>
