<annotation>
	<folder></folder>
	<filename>maksssksksss479_png.rf.a48dc5630a36c55a3a8701dc112d8910.jpg</filename>
	<path>maksssksksss479_png.rf.a48dc5630a36c55a3a8701dc112d8910.jpg</path>
	<source>
		<database>roboflow.ai</database>
	</source>
	<size>
		<width>416</width>
		<height>416</height>
		<depth>3</depth>
	</size>
	<segmented>0</segmented>
	<object>
		<name>with_mask</name>
		<pose>Unspecified</pose>
		<truncated>0</truncated>
		<difficult>0</difficult>
		<occluded>0</occluded>
		<bndbox>
			<xmin>160</xmin>
			<xmax>311</xmax>
			<ymin>162</ymin>
			<ymax>314</ymax>
		</bndbox>
	</object>
</annotation>
