<annotation>
	<folder></folder>
	<filename>maksssksksss525_png.rf.6d88a18a2ac709b42d13164753c733ad.jpg</filename>
	<path>maksssksksss525_png.rf.6d88a18a2ac709b42d13164753c733ad.jpg</path>
	<source>
		<database>roboflow.ai</database>
	</source>
	<size>
		<width>416</width>
		<height>416</height>
		<depth>3</depth>
	</size>
	<segmented>0</segmented>
	<object>
		<name>mask_weared_incorrect</name>
		<pose>Unspecified</pose>
		<truncated>0</truncated>
		<difficult>0</difficult>
		<occluded>0</occluded>
		<bndbox>
			<xmin>222</xmin>
			<xmax>338</xmax>
			<ymin>133</ymin>
			<ymax>320</ymax>
		</bndbox>
	</object>
</annotation>
