<annotation>
	<folder></folder>
	<filename>maksssksksss496_png.rf.350898163df64c03318b364d40701f70.jpg</filename>
	<path>maksssksksss496_png.rf.350898163df64c03318b364d40701f70.jpg</path>
	<source>
		<database>roboflow.ai</database>
	</source>
	<size>
		<width>416</width>
		<height>416</height>
		<depth>3</depth>
	</size>
	<segmented>0</segmented>
	<object>
		<name>mask_weared_incorrect</name>
		<pose>Unspecified</pose>
		<truncated>0</truncated>
		<difficult>0</difficult>
		<occluded>0</occluded>
		<bndbox>
			<xmin>132</xmin>
			<xmax>286</xmax>
			<ymin>101</ymin>
			<ymax>215</ymax>
		</bndbox>
	</object>
</annotation>
