<annotation>
	<folder></folder>
	<filename>maksssksksss283_png.rf.eeb1df6f2dfb93b64869a1c20291030e.jpg</filename>
	<path>maksssksksss283_png.rf.eeb1df6f2dfb93b64869a1c20291030e.jpg</path>
	<source>
		<database>roboflow.ai</database>
	</source>
	<size>
		<width>416</width>
		<height>416</height>
		<depth>3</depth>
	</size>
	<segmented>0</segmented>
	<object>
		<name>with_mask</name>
		<pose>Unspecified</pose>
		<truncated>0</truncated>
		<difficult>0</difficult>
		<occluded>0</occluded>
		<bndbox>
			<xmin>106</xmin>
			<xmax>235</xmax>
			<ymin>214</ymin>
			<ymax>336</ymax>
		</bndbox>
	</object>
</annotation>
