<annotation>
	<folder></folder>
	<filename>maksssksksss243_png.rf.c9a82a144459d67c7e8b31dd2b04bbb1.jpg</filename>
	<path>maksssksksss243_png.rf.c9a82a144459d67c7e8b31dd2b04bbb1.jpg</path>
	<source>
		<database>roboflow.ai</database>
	</source>
	<size>
		<width>416</width>
		<height>416</height>
		<depth>3</depth>
	</size>
	<segmented>0</segmented>
	<object>
		<name>with_mask</name>
		<pose>Unspecified</pose>
		<truncated>0</truncated>
		<difficult>0</difficult>
		<occluded>0</occluded>
		<bndbox>
			<xmin>155</xmin>
			<xmax>285</xmax>
			<ymin>97</ymin>
			<ymax>228</ymax>
		</bndbox>
	</object>
</annotation>
