<annotation>
	<folder></folder>
	<filename>maksssksksss241_png.rf.a40ed2e01c6d5546ba0673d1fcbe44ca.jpg</filename>
	<path>maksssksksss241_png.rf.a40ed2e01c6d5546ba0673d1fcbe44ca.jpg</path>
	<source>
		<database>roboflow.ai</database>
	</source>
	<size>
		<width>416</width>
		<height>416</height>
		<depth>3</depth>
	</size>
	<segmented>0</segmented>
	<object>
		<name>with_mask</name>
		<pose>Unspecified</pose>
		<truncated>0</truncated>
		<difficult>0</difficult>
		<occluded>0</occluded>
		<bndbox>
			<xmin>179</xmin>
			<xmax>256</xmax>
			<ymin>146</ymin>
			<ymax>290</ymax>
		</bndbox>
	</object>
</annotation>
