<annotation>
	<folder></folder>
	<filename>maksssksksss170_png.rf.dbb604aef1d796607e8e00f426c8dc86.jpg</filename>
	<path>maksssksksss170_png.rf.dbb604aef1d796607e8e00f426c8dc86.jpg</path>
	<source>
		<database>roboflow.ai</database>
	</source>
	<size>
		<width>416</width>
		<height>416</height>
		<depth>3</depth>
	</size>
	<segmented>0</segmented>
	<object>
		<name>with_mask</name>
		<pose>Unspecified</pose>
		<truncated>0</truncated>
		<difficult>0</difficult>
		<occluded>0</occluded>
		<bndbox>
			<xmin>106</xmin>
			<xmax>249</xmax>
			<ymin>99</ymin>
			<ymax>387</ymax>
		</bndbox>
	</object>
</annotation>
