<annotation>
	<folder></folder>
	<filename>maksssksksss589_png.rf.079c843180f586437eab633ac95c96b9.jpg</filename>
	<path>maksssksksss589_png.rf.079c843180f586437eab633ac95c96b9.jpg</path>
	<source>
		<database>roboflow.ai</database>
	</source>
	<size>
		<width>416</width>
		<height>416</height>
		<depth>3</depth>
	</size>
	<segmented>0</segmented>
	<object>
		<name>with_mask</name>
		<pose>Unspecified</pose>
		<truncated>0</truncated>
		<difficult>0</difficult>
		<occluded>0</occluded>
		<bndbox>
			<xmin>137</xmin>
			<xmax>277</xmax>
			<ymin>99</ymin>
			<ymax>192</ymax>
		</bndbox>
	</object>
</annotation>
