<annotation>
	<folder></folder>
	<filename>maksssksksss141_png.rf.e655e58ac053691d63f97ebf74961a78.jpg</filename>
	<path>maksssksksss141_png.rf.e655e58ac053691d63f97ebf74961a78.jpg</path>
	<source>
		<database>roboflow.ai</database>
	</source>
	<size>
		<width>416</width>
		<height>416</height>
		<depth>3</depth>
	</size>
	<segmented>0</segmented>
	<object>
		<name>with_mask</name>
		<pose>Unspecified</pose>
		<truncated>0</truncated>
		<difficult>0</difficult>
		<occluded>0</occluded>
		<bndbox>
			<xmin>134</xmin>
			<xmax>182</xmax>
			<ymin>149</ymin>
			<ymax>241</ymax>
		</bndbox>
	</object>
	<object>
		<name>with_mask</name>
		<pose>Unspecified</pose>
		<truncated>0</truncated>
		<difficult>0</difficult>
		<occluded>0</occluded>
		<bndbox>
			<xmin>229</xmin>
			<xmax>270</xmax>
			<ymin>191</ymin>
			<ymax>263</ymax>
		</bndbox>
	</object>
</annotation>
