<annotation>
	<folder></folder>
	<filename>maksssksksss326_png.rf.86470e2bf735f7a6fa0b6c6888a4ed5c.jpg</filename>
	<path>maksssksksss326_png.rf.86470e2bf735f7a6fa0b6c6888a4ed5c.jpg</path>
	<source>
		<database>roboflow.ai</database>
	</source>
	<size>
		<width>416</width>
		<height>416</height>
		<depth>3</depth>
	</size>
	<segmented>0</segmented>
	<object>
		<name>with_mask</name>
		<pose>Unspecified</pose>
		<truncated>0</truncated>
		<difficult>0</difficult>
		<occluded>0</occluded>
		<bndbox>
			<xmin>179</xmin>
			<xmax>251</xmax>
			<ymin>80</ymin>
			<ymax>158</ymax>
		</bndbox>
	</object>
	<object>
		<name>with_mask</name>
		<pose>Unspecified</pose>
		<truncated>0</truncated>
		<difficult>0</difficult>
		<occluded>0</occluded>
		<bndbox>
			<xmin>209</xmin>
			<xmax>300</xmax>
			<ymin>121</ymin>
			<ymax>190</ymax>
		</bndbox>
	</object>
</annotation>
