<annotation>
	<folder></folder>
	<filename>maksssksksss226_png.rf.5749e70d1dc83725408aec12e8c6e756.jpg</filename>
	<path>maksssksksss226_png.rf.5749e70d1dc83725408aec12e8c6e756.jpg</path>
	<source>
		<database>roboflow.ai</database>
	</source>
	<size>
		<width>416</width>
		<height>416</height>
		<depth>3</depth>
	</size>
	<segmented>0</segmented>
	<object>
		<name>with_mask</name>
		<pose>Unspecified</pose>
		<truncated>0</truncated>
		<difficult>0</difficult>
		<occluded>0</occluded>
		<bndbox>
			<xmin>151</xmin>
			<xmax>217</xmax>
			<ymin>103</ymin>
			<ymax>223</ymax>
		</bndbox>
	</object>
</annotation>
