<annotation>
	<folder></folder>
	<filename>maksssksksss418_png.rf.72bd8950587efe331f576956200646e0.jpg</filename>
	<path>maksssksksss418_png.rf.72bd8950587efe331f576956200646e0.jpg</path>
	<source>
		<database>roboflow.ai</database>
	</source>
	<size>
		<width>416</width>
		<height>416</height>
		<depth>3</depth>
	</size>
	<segmented>0</segmented>
	<object>
		<name>with_mask</name>
		<pose>Unspecified</pose>
		<truncated>0</truncated>
		<difficult>0</difficult>
		<occluded>0</occluded>
		<bndbox>
			<xmin>354</xmin>
			<xmax>367</xmax>
			<ymin>269</ymin>
			<ymax>293</ymax>
		</bndbox>
	</object>
	<object>
		<name>with_mask</name>
		<pose>Unspecified</pose>
		<truncated>0</truncated>
		<difficult>0</difficult>
		<occluded>0</occluded>
		<bndbox>
			<xmin>51</xmin>
			<xmax>60</xmax>
			<ymin>291</ymin>
			<ymax>310</ymax>
		</bndbox>
	</object>
</annotation>
